x,f(x),lagrange,spline,err_lagrange,err_spline
0.1,-9.90033134750884,-9.90033134750884,-9.90033134750884,0,0
0.1049,-9.42837071812187,0.386091060548778,-9.42636068243473,9.81446177867064,0.00201003568713531
0.1098,-8.99810621031249,0.398563768180899,-8.99204052110176,9.39666997849339,0.00606568921072714
0.1147,-8.60419488276115,0.395062342173364,-8.59420415889841,8.99925722493452,0.00999072386274236
0.1196,-8.24216942776535,0.385984628684148,-8.22968489121316,8.6281540564495,0.0124845365521846
0.1245,-7.90826585745971,0.381650516107492,-7.89531601343451,8.28991637356721,0.0129498440252069
0.1294,-7.5992903401414,0.395268460773577,-7.58793082095092,7.99455880091497,0.0113595191904796
0.1343,-7.31251518782826,0.395161792099408,-7.30436260915088,7.70767697992767,0.00815257867737884
0.1392,-7.04559681195181,0.407781107778365,-7.04144467342288,7.45337791973018,0.00415213852893537
0.1441,-6.79651041812891,0.399175014052099,-6.7960103091554,7.19568543218101,0.000500108973509938
0.149,-6.56349758665395,0.395401369906572,-6.56511897034739,6.95889895656052,0.00162138369343534
0.1539,-6.34502386684579,0.408269371468256,-6.34737028495028,6.75329323831405,0.002346418104481
0.1588,-6.13974422230735,0.381943205462908,-6.14200597158028,6.52168742777026,0.00226174927292533
0.1637,-5.94647468209939,0.395798004526527,-5.94826987673001,6.34227268662591,0.00179519463062316
0.1686,-5.76416893529703,0.395687077145057,-5.7654058468921,6.15985601244208,0.00123691159507544
0.1735,-5.59189889164951,-0.698482120455125,-5.59265772855918,4.89341677119439,0.000758836909671601
0.1784,-5.42883844580231,0.399513572017983,-5.42926936822387,5.82835201782029,0.000430922421567281
0.1833,-5.27424984561548,0.396023889790793,-5.2744846123788,5.67027373540627,0.000234766763321126
0.1882,-5.12747218997439,0.376120966108837,-5.12754730751659,5.50359315608322,7.51175422069039e-05
0.1931,-4.9879116778351,0.413840442407252,-4.98771962049873,5.40175212024235,0.000192057336373175
0.198,-4.85503330513442,0.396001465574699,-4.85448895894493,5.25103477070911,0.000544346189485623
0.2029,-4.72835376480481,0.395927891069383,-4.72749409204783,5.12428165587419,0.000859672756977403
0.2078,-4.60743535130709,0.376343054856371,-4.60637659772982,4.98377840616346,0.00105875357726504
0.2127,-4.49188070769244,0.399906058570982,-4.49077805391332,4.89178676626342,0.00110265377911745
0.2176,-4.3813282823872,0.396632924758645,-4.38034003852071,4.77796120714585,0.000988243866491878
0.2225,-4.27544838629181,0.392740724575484,-4.2747041294744,4.6681891108673,0.000744256817414524
0.2274,-4.17393975964527,0.369368442794156,-4.17351190469679,4.54330820243943,0.000427854948484629
0.2323,-4.07652657338656,0.396997776026517,-4.07640494211028,4.47352434941307,0.000121631276281065
0.2372,-3.98295580218329,0.39678931524212,-3.98302858683396,4.37974511742541,7.27846506718421e-05
0.2421,-3.89299491647119,0.41996006540763,-3.89312492655094,4.31295498187882,0.000130010079750331
0.247,-3.80642984920454,0.400756308614236,-3.80653875745989,4.20718615781878,0.000108908255353146
0.2519,-3.72306319991193,0.397146650124939,-3.72311983748616,4.12020985003687,5.66375742270253e-05
0.2568,-3.64271264436115,0.393302451894584,-3.64271792455506,4.03601509625574,5.28019390522161e-06
0.2617,-3.56520952288516,0.452291530172115,-3.56518277659193,4.01750105305727,2.67462932304063e-05
0.2666,-3.49039758438314,0.400833395985801,-3.49036415152208,3.89123098036894,3.34328610613888e-05
0.2715,-3.41813186632977,0.397165395710598,-3.41811180727086,3.81529726204037,2.00590589147787e-05
0.2764,-3.34827769391458,0.205705362651312,-3.34827550176358,3.5539830565659,2.19215099894754e-06
0.2813,-3.28070978378582,0.400877431525628,-3.28070529652858,3.68158721531145,4.48725723867227e-06
0.2862,-3.21531143986239,0.397826898093114,-3.2152742283148,3.6131383379555,3.72115475921753e-05
0.2911,-3.15197383036572,0.393563114149151,-3.15189399048201,3.54553694451487,7.98398837167369e-05
0.296,-3.09059533666016,0.454428246542673,-3.09047998494748,3.54502358320283,0.000115351712679956
0.3009,-3.03108096571635,0.401819574350479,-3.03094761362849,3.43290054006683,0.000133352087863248
0.3058,-2.97334181906162,0.398097417308905,-2.97321227844231,3.37143923637052,0.000129540619307811
0.3107,-2.91729461198139,0.373081248958128,-2.91718938130621,3.29037586093951,0.00010523067517898
0.3156,-2.86286123751055,0.402021382975279,-2.86279432413746,3.26488262048583,6.69133730935023e-05
0.3205,-2.80996837042133,0.397656558111225,-2.80994250885333,3.20762492853256,2.58615680053254e-05
0.3254,-2.75854710699186,0.393917457481673,-2.75854935054319,3.15246456447354,2.24355132960596e-06
0.3303,-2.70853263683989,0.411273382970977,-2.70853914438104,3.11980601981087,6.50754114905894e-06
0.3352,-2.65986394354061,0.402290013983835,-2.65986047599065,3.06215395752445,3.46754996671805e-06
0.3401,-2.61248353112579,0.398399979522217,-2.6124660466775,3.01088351064801,1.74844482918601e-05
0.345,-2.56633717389108,0.435016856604991,-2.56630855774709,3.00135403049608,2.86161439970734e-05
0.3499,-2.52137368722686,0.402222545699071,-2.5213407105049,2.92359623292593,3.29767219593435e-05
0.3548,-2.47754471744011,0.39861398019279,-2.47751520625641,2.8761586976329,2.95111837038675e-05
0.3597,-2.43480454875673,0.394891565543287,-2.43478474630712,2.82969611430002,1.98024496116389e-05
0.3646,-2.39310992588774,0.334791447384461,-2.3931020319625,2.7279013732722,7.89392523214971e-06
0.3695,-2.35241989071505,0.39968871001132,-2.35241976452806,2.75210860072637,1.26186991522559e-07
0.3744,-2.31269563180309,0.399279145671401,-2.31269321472633,2.71197477747449,2.41707676229552e-06
0.3793,-2.27390034557663,0.395160398789945,-2.27388944922325,2.66906074436657,1.08963533791417e-05
0.3842,-2.23599910812324,0.403059854719447,-2.23597891768902,2.63905896284269,2.01904342262971e-05
0.3891,-2.19895875668407,0.399140564279547,-2.19893207007937,2.59809932096362,2.66866046989556e-05
0.394,-2.1627477799893,0.394845850415557,-2.16271935635005,2.55759363040485,2.84236392520398e-05
0.3989,-2.12733621667803,0.185771429820384,-2.12731122645677,2.31310764649842,2.49902212585695e-05
0.4038,-2.09269556111585,0.403985999365948,-2.09267813035529,2.4966815604818,1.743076055849e-05
0.4087,-2.05879867598922,0.40059261356566,-2.05879051800133,2.45939128955488,8.1579878896676e-06
0.4136,-2.02561971111486,0.403696165723458,-2.02561883935063,2.42931587683832,8.71764231913374e-07
0.4185,-1.99313402795466,0.541332243780559,-1.99313437304292,2.53446627173522,3.45088262854176e-07
0.4234,-1.96131812937403,0.397910884400419,-1.96131493527606,2.35922901377445,3.19409796256664e-06
0.4283,-1.93014959422378,0.393760162766003,-1.930141442219,2.32390975698978,8.1520047758854e-06
0.4332,-1.89960701636363,0.18549938112684,-1.8995948286944,2.08510639749047,1.21876692238398e-05
0.4381,-1.86966994777967,0.401953284702193,-1.86965602952496,2.27162323248186,1.3918254714973e-05
0.443,-1.84031884547878,0.396462121335734,-1.84030597953333,2.23678096681451,1.28659454436963e-05
0.4479,-1.81153502187079,0.588176235603488,-1.81152561354222,2.39971125747428,9.40832856977103e-06
0.4528,-1.78330059837427,0.393784793619976,-1.78329586637428,2.17708539199424,4.73199998274332e-06
0.4577,-1.7555984620043,0.3530791850781,-1.75559767285221,2.1086776470824,7.89152089231138e-07
0.4626,-1.72841222472122,0.438753172650803,-1.72841219432828,2.16716539737202,3.0392940164603e-08
0.4675,-1.7017261853377,-0.15430170457566,-1.70172390890233,1.54742448076204,2.27643537398237e-06
0.4724,-1.67552529379855,0.422357612924291,-1.67551981118125,2.09788290672285,5.48261730504152e-06
0.4773,-1.64979511766258,0.419817154410113,-1.64978695841867,2.06961227207269,8.15924391295297e-06
0.4822,-1.62452181063001,0.420342080803472,-1.6245124078682,2.04486389143348,9.40276180294575e-06
0.4871,-1.59969208297139,0.646593605626223,-1.59968321678349,2.24628568859761,8.86618790074678e-06
0.492,-1.57529317372542,0.451234668274491,-1.57528644241815,2.02652784199992,6.73130727868454e-06
0.4969,-1.55131282454361,0.497258567485407,-1.55130914202581,2.04857139202901,3.68251780202833e-06
0.5018,-1.52773925506913,53.0982904031929,-1.52773837286009,54.626029658262,8.82209040264925e-07
0.5067,-1.50456113974621,-0.00347843078571576,-1.50456124391345,1.5010827089605,1.04167239056707e-07
0.5116,-1.48176758596389,0.212206681735616,-1.48176654911674,1.69397426769951,1.03684715480057e-06
0.5165,-1.45934811344575,0.238425801377518,-1.45934509911938,1.69777391482327,3.01432636629073e-06
0.5214,-1.43729263480349,0.250497338294312,-1.43728782333842,1.68778997309781,4.8114650750275e-06
0.5263,-1.41559143717865,0.219561542613445,-1.41558565119088,1.6351529797921,5.78598777112305e-06
0.5312,-1.39423516490203,0.161504432617076,-1.39422951209381,1.5557395975191,5.65280822129033e-06
0.5361,-1.37321480310583,-17.5859513973714,-1.37321033546422,16.2127365942656,4.46764160755286e-06
0.541,-1.3525216622281,-0.100555419776429,-1.35251905071917,1.25196624245167,2.61150892510997e-06
0.5459,-1.33214736335326,-0.535612033300717,-1.33214658727569,0.796535330052546,7.76077576647438e-07
0.5508,-1.31208382433688,-1.81683756841678,-1.31208388164867,0.504753744079906,5.73117917568311e-08
0.5557,-1.292323246666,2.84074016638533,-1.29232267337199,4.13306341305133,5.73294008932024e-07
0.5606,-1.2728581030103,11.9928973733831,-1.27285623240411,13.2657554763934,1.87060618683788e-06
0.5655,-1.2536811254219,12.5025184590691,-1.25367800053738,13.756199584491,3.12488451492676e-06
0.5704,-1.23478529414498,-0.510361793349054,-1.23478141956415,0.724423500795931,3.87458083217496e-06
0.5753,-1.2161638269988,-7.74439174203946,-1.21615993127677,6.52822791504066,3.89572202874611e-06
0.5802,-1.1978101693001,-3.04574045061588,-1.19780697746759,1.84793028131578,3.19183251185073e-06
0.5851,-1.17971798429345,-1.86128300135676,-1.17971599992895,0.681565017063317,1.98436449361239e-06
0.59,-1.1618811440598,-1.98622627769686,-1.16188044045322,0.824345133637059,7.03606580998439e-07
0.5949,-1.14429372087579,-1.1301878954671,-1.1442937409918,0.0141058254086928,2.01160066382045e-08
0.5998,-1.12694997899796,-1.00165205469698,-1.12694970137852,0.125297924300983,2.77619447208721e-07
0.6047,-1.10984436684773,-1.31470668029861,-1.10984324069516,0.204862313450886,1.1261525634243e-06
0.6096,-1.09297150957461,-0.906074427077952,-1.09296949622907,0.186897082496655,2.01334554206234e-06
0.6145,-1.07632620197658,-0.911004843408604,-1.07632360526756,0.16532135856798,2.59670902358344e-06
0.6194,-1.0599034017577,-0.747577502414194,-1.05990070509798,0.312325899343509,2.69665972663091e-06
0.6243,-1.04369822310449,-0.945488409561274,-1.04369593300765,0.0982098135432118,2.29009684038495e-06
0.6292,-1.02770593056368,-0.968944653565267,-1.0277044262839,0.0587612769984152,1.50427978340417e-06
0.6341,-1.01192193320508,-0.98605906203522,-1.01192132221407,0.0258628711698571,6.10991009564188e-07
0.639,-0.996341779054024,-0.997481415916506,-0.996341758085483,0.00113963686248209,2.09685411256544e-08
0.6439,-0.980961149779318,-0.995730061988297,-0.980961017885993,0.0147689122089795,1.31893325039378e-07
0.6488,-0.965775855622897,-0.988670430164861,-0.965775159356259,0.0228945745419642,6.96266637345566e-07
0.6537,-0.950781830558659,-0.975316081584219,-0.950780494413124,0.0245342510255597,1.33614553454731e-06
0.6586,-0.93597512766845,-0.998665952895597,-0.935973335124621,0.0626908252271476,1.79254382848271e-06
0.6635,-0.921351914723972,-0.940720533139492,-0.921349993558783,0.0193686184155202,1.92116518871188e-06
0.6684,-0.906908469964034,-0.920142342904989,-0.906906781783644,0.013233872940955,1.68818039014695e-06
0.6733,-0.892641178057167,-0.890130307901677,-0.892640011867237,0.0025108701554899,1.16618993040163e-06
0.6782,-0.878546526240219,-0.882679870010594,-0.878545995877594,0.00413334377037533,5.30362624928671e-07
0.6831,-0.864621100624071,-0.865318421904229,-0.86462104588275,0.000697321280157426,5.47413216978043e-08
0.688,-0.85086158265813,-0.847337008959492,-0.850861528996805,0.00352457369863723,5.36613248280915e-08
0.6929,-0.837264745745705,-0.834441872824341,-0.83726431799101,0.00282287292136318,4.27754694776183e-07
0.6978,-0.823827452002862,-0.820648328675642,-0.823826557697073,0.0031791233272197,8.94305788423644e-07
0.7027,-0.810546649153706,-0.807584156686645,-0.81054539556881,0.00296249246706093,1.25358489588834e-06
0.7076,-0.797419367555479,-0.797458223654554,-0.797417979060035,3.88560990755016e-05,1.38849544339958e-06
0.7125,-0.784442717347196,-0.782486701830061,-0.784441455624563,0.00195601551713553,1.26172263370528e-06
0.7174,-0.771613885715912,-0.770379370732554,-0.771612972716207,0.00123451498335803,9.12999705171558e-07
0.7223,-0.758930134274993,-0.758311532462437,-0.758929677788783,0.000618601812555797,4.56486209388096e-07
0.7272,-0.746388796549111,-0.746057366359995,-0.746388718296106,0.000331430189116078,7.82530056309128e-08
0.7321,-0.733987275560946,-0.734159542575349,-0.733987259426062,0.000172267014402427,1.6134884650576e-08
0.737,-0.721723041514826,-0.722085703358055,-0.721722779283957,0.000362661843228196,2.62230869796376e-07
0.7419,-0.709593629572832,-0.709575175466245,-0.709593023768334,1.84541065875177e-05,6.05804498232665e-07
0.7468,-0.697596637719087,-0.698049156471877,-0.697595747418313,0.000452518752790065,8.90300774214481e-07
0.7517,-0.685729724708201,-0.686110334107053,-0.685728704773012,0.000380609398851539,1.01993518875076e-06
0.7566,-0.673990608094036,-0.67427437128888,-0.673989650371553,0.000283763194844022,9.57722483430068e-07
0.7615,-0.662377062335156,-0.662726969244153,-0.662376338753053,0.000349906908996944,7.23582102790665e-07
0.7664,-0.650886916973521,-0.650997884144489,-0.650886524456634,0.000110967170968368,3.92516887104399e-07
0.7713,-0.639518054883147,-0.639552972871586,-0.639517962021413,3.49179884389095e-05,9.28617345241634e-08
0.7762,-0.628268410585637,-0.628251048757886,-0.628268410277288,1.73618277509169e-05,3.08348901967292e-10
0.7811,-0.617135968629611,-0.617125459892636,-0.617135810288216,1.05087369752788e-05,1.58341395217754e-07
0.786,-0.606118762031258,-0.606050357029153,-0.606118349181351,6.8405002105143e-05,4.12849906816781e-07
0.7909,-0.595214870773326,-0.595092171675617,-0.595214231502423,0.000122699097709456,6.39270903546318e-07
0.7958,-0.58442242036003,-0.584359650536005,-0.584421661797158,6.27698240249774e-05,7.58562871516766e-07
0.8007,-0.573739580425458,-0.573691495014587,-0.573738844611285,4.80854108703133e-05,7.35814172148075e-07
0.8056,-0.563164563393198,-0.56313223068075,-0.563163984490533,3.23327124481798e-05,5.78902665471226e-07
0.8105,-0.552695623184997,-0.552687542370873,-0.552695285980628,8.08081412351225e-06,3.37204368650035e-07
0.8154,-0.54233105397637,-0.542323465601475,-0.5423309536273,7.58837489511777e-06,1.00349070719652e-07
0.8203,-0.532069188997207,-0.532070829294347,-0.532069192507913,1.64029714022629e-06,3.51070605919546e-09
0.8252,-0.521908399375466,-0.52191571144959,-0.521908306070493,7.31207412441037e-06,9.33049724149981e-08
0.8301,-0.511847093022184,-0.511857986603371,-0.51184681058639,1.08935811874433e-05,2.82435793974578e-07
0.835,-0.501883713556086,-0.501895032457827,-0.501883250119449,1.13189017415527e-05,4.63436636399805e-07
0.8399,-0.492016739266164,-0.492026831673192,-0.492016168733518,1.00924070275399e-05,5.70532645738364e-07
0.8448,-0.482244682110677,-0.48224962458088,-0.482244110492443,4.94247020327299e-06,5.71618234190829e-07
0.8497,-0.472566086751088,-0.472572347776341,-0.47256561946007,6.26102525297378e-06,4.67291018324545e-07
0.8546,-0.462979529619528,-0.4629832163726,-0.462979239700245,3.68675307244049e-06,2.89919282803197e-07
0.8595,-0.453483618018436,-0.453485146430012,-0.453483515276816,1.52841157585737e-06,1.027416206556e-07
0.8644,-0.444076989251092,-0.444076916633241,-0.444076990255772,7.26178511212261e-08,1.00467956176686e-09
0.8693,-0.434758309781809,-0.434757094119252,-0.434758257033641,1.21566255723016e-06,5.27481680001607e-08
0.8742,-0.425526274424617,-0.425524478965317,-0.425526081204121,1.79545929995806e-06,1.93220495714463e-07
0.8791,-0.416379605559312,-0.416378457816848,-0.416379267143003,1.14774246456895e-06,3.38416309364487e-07
0.884,-0.407317052373806,-0.407315080473315,-0.407316619226076,1.97190049044949e-06,4.33147729683725e-07
0.8889,-0.398337390131746,-0.398335801527188,-0.398336941829132,1.58860455795606e-06,4.48302614031171e-07
0.8938,-0.389439419464435,-0.38943828924842,-0.389439039327962,1.13021601511054e-06,3.80136472744041e-07
0.8987,-0.380621965686101,-0.380621002513474,-0.380621716098356,9.63172626988751e-07,2.49587745027036e-07
0.9036,-0.371883878131646,-0.371883515331515,-0.371883776516105,3.62800131548102e-07,1.01615540759603e-07
0.9085,-0.36322402951599,-0.363223992945467,-0.363224024957,3.65705236093916e-08,4.55898974127678e-09
0.9134,-0.354641315314213,-0.354641498864341,-0.354641287446062,1.83550127486054e-07,2.78681515086809e-08
0.9183,-0.3461346531617,-0.346134879997016,-0.346134521456828,2.26835315864093e-07,1.31704872785576e-07
0.9232,-0.33770298227354,-0.337703369717796,-0.337702733807245,3.87444256011449e-07,2.48466295205141e-07
0.9281,-0.329345262882462,-0.329345630949841,-0.32934493140323,3.68067378686554e-07,3.31479232840159e-07
0.933,-0.321060475694623,-0.321060854432597,-0.321060121150699,3.78737973483201e-07,3.54543924108164e-07
0.9379,-0.312847621362575,-0.312847870060151,-0.312847309955569,2.48697575921941e-07,3.11407006181597e-07
0.9428,-0.304705719974802,-0.304705874665557,-0.304705504723757,1.54690755427289e-07,2.15251044877185e-07
0.9477,-0.296633810561194,-0.296633876058243,-0.296633712361178,6.54970492286466e-08,9.82000156191098e-08
0.9526,-0.288630950613905,-0.288630968306101,-0.28863093977375,1.76921958749965e-08,1.08401549958614e-08
0.9575,-0.280696215623017,-0.280696184587894,-0.280696202538451,3.10351233601125e-08,1.30845665968771e-08
0.9624,-0.272828698626487,-0.272828640607966,-0.272828609586921,5.80185212095685e-08,8.90395662200838e-08
0.9673,-0.265027509773863,-0.265027419694152,-0.265027326722508,9.00797101910378e-08,1.83051354962771e-07
0.9722,-0.257291775903275,-0.257291700251502,-0.257291520556396,7.56517727906747e-08,2.55346878696994e-07
0.9771,-0.249620640131238,-0.249620576611573,-0.249620357699772,6.35196648890446e-08,2.82431465908894e-07
0.982,-0.242013261454802,-0.242013215619611,-0.242013004763821,4.58351908927401e-08,2.56690980804386e-07
0.9869,-0.234468814365626,-0.234468776543837,-0.23446862835973,3.78217883678644e-08,1.86005895963515e-07
0.9918,-0.22698648847555,-0.226986468807489,-0.226986395098683,1.96680610964339e-08,9.33768665445367e-08
0.9967,-0.219565488153277,-0.219565482605538,-0.219565471591868,5.54773860184099e-09,1.65614089386867e-08
1.0016,-0.212205032171762,-0.212205037892958,-0.212205027332122,5.72119682185068e-09,4.83963927266906e-09
1.0065,-0.204904353365958,-0.20490436709383,-0.204904293996205,1.372787225562e-08,5.93697526141135e-08
1.0114,-0.19766269830055,-0.197662714044364,-0.197662563251899,1.57438140302446e-08,1.35048650734548e-07
1.0163,-0.19047932694734,-0.190479343394271,-0.190479129209885,1.64469304009263e-08,1.97737455798208e-07
1.0212,-0.183353512371961,-0.183353525354235,-0.183353285980843,1.29822738947905e-08,2.2639111801892e-07
1.0261,-0.176284540429589,-0.17628455250901,-0.176284327675455,1.20794209634845e-08,2.12754134309989e-07
1.031,-0.16927170946937,-0.169271718011415,-0.1692715484044,8.54204468270225e-09,1.61064970305436e-07
1.0359,-0.162314330047257,-0.162314335397996,-0.16231424227836,5.35073907403927e-09,8.77688962619416e-08
1.0408,-0.155411724646972,-0.155411726545115,-0.155411703408016,1.89814308715341e-09,2.1238955622005e-08
1.0457,-0.148563227408844,-0.148563226635705,-0.148563226575179,7.73138192355916e-10,8.33664831612069e-10
1.0506,-0.141768183866234,-0.141768181349672,-0.141768145111567,2.51656234739883e-09,3.87546669755601e-08
1.0555,-0.135025950689329,-0.135025947496908,-0.135025851133868,3.19242068891334e-09,9.95554607086113e-08
1.0604,-0.12833589543603,-0.128335891984167,-0.128335741704139,3.45186279560039e-09,1.53731891494591e-07
1.0653,-0.121697396309737,-0.121697392788745,-0.121697213884437,3.5209917204071e-09,1.82425299893874e-07
1.0702,-0.115109841923776,-0.11510983885916,-0.11510966473682,3.06461589438811e-09,1.77186955468978e-07
1.0751,-0.108572631072278,-0.10857262883409,-0.108572491323345,2.23818792666197e-09,1.39748932426187e-07
1.08,-0.10208517250729,-0.102085171206979,-0.102085090706071,1.30031013734211e-09,8.18012185210826e-08
1.0849,-0.0956468847219148,-0.0956468841874139,-0.0956468599470538,5.3450092962759e-10,2.47748610515686e-08
1.0898,-0.0892571957393063,-0.0892571958265038,-0.0892571961714026,8.71974853433599e-11,4.32096247671154e-10
1.0947,-0.0829155429073075,-0.0829155434214528,-0.0829155183974305,5.14145268026844e-10,2.45098769890983e-08
1.0996,-0.0766213726985804,-0.0766213735061898,-0.0766212995448544,8.07609465414139e-10,7.31537260212356e-08
1.1045,-0.0703741405160335,-0.0703741414691743,-0.070374020680371,9.53140774639927e-10,1.19835662490408e-07
1.1094,-0.0641733105033956,-0.0641733114203223,-0.0641731628706776,9.16926673477647e-10,1.47632718008883e-07
1.1143,-0.0580183553607678,-0.0580183561039386,-0.0580182071824718,7.43170788797265e-10,1.48178296063839e-07
1.1192,-0.0519087561650015,-0.0519087567247791,-0.0519086346824503,5.59777620090518e-10,1.21482551150576e-07
1.1241,-0.0458440021947543,-0.0458440025415349,-0.045843926437311,3.46780611171216e-10,7.57574432561081e-08
1.129,-0.039823590760079,-0.0398235909193208,-0.0398235635137506,1.59241751729322e-10,2.72463284503588e-08
1.1339,-0.0338470270364079,-0.033847027037719,-0.0338470269784668,1.31113175871889e-12,5.79410547318915e-11
1.1388,-0.0279138239027955,-0.0279138237795096,-0.0279138091185443,1.23285947423168e-10,1.47842511982743e-08
1.1437,-0.0220235017842966,-0.0220235015828713,-0.0220234483551088,2.01425320867088e-10,5.34291877546389e-08
1.1486,-0.0161755884983484,-0.016175588269047,-0.0161754949646086,2.29301449355956e-10,9.35337398783043e-08
1.1535,-0.0103696191050388,-0.0103696188781085,-0.0103694992234996,2.26930290531113e-10,1.19881539122763e-07
1.1584,-0.00460513576114696,-0.00460513556562949,-0.00460501140823917,1.9551747113683e-10,1.24352907792183e-07
1.1633,0.00111831242216087,0.00111831257364301,0.00111841820471671,1.51482135645961e-10,1.05782555838083e-07
1.1682,0.00680116951808418,0.00680116962016604,0.00680123933891087,1.02081858591174e-10,6.9820826682776e-08
1.1731,0.0124438729195002,0.0124438729708114,0.0124439017178872,5.13111827332713e-11,2.87983869771968e-08
1.178,0.018046853470928,0.0180468534781242,0.0180468550651886,7.19613604815983e-12,1.59426051526967e-09
1.1829,0.0236105355972528,0.0236105355698291,0.0236105438847585,2.74236605646294e-11,8.28750570253112e-09
1.1878,0.0291353374292951,0.0291353373797769,0.0291353760860817,4.95181638748843e-11,3.86567866328402e-08
1.1927,0.034621670926325,0.0346216708666746,0.0346217439214567,5.96503194061349e-11,7.29951317515742e-08
1.1976,0.0400699419956035,0.0400699419346556,0.0400700395839498,6.09479341995289e-11,9.75883462928095e-08
1.2025,0.045480550609039,0.0454805505534681,0.0454806552666267,5.5570853474407e-11,1.04657587714219e-07
1.2074,0.0508538909170435,0.0508538908728078,0.0508539831625539,4.42356984375891e-11,9.22455104315767e-08
1.2123,0.0561903513596634,0.0561903513289353,0.0561904154647971,3.07281006195481e-11,6.41051337083032e-08
1.2172,0.0614903147750688,0.0614903147584575,0.0614903443664229,1.66113164890014e-11,2.95913540962478e-08
1.2221,0.0667541585054694,0.0667541585015552,0.0667541620604969,3.91421617340626e-12,3.55502753623949e-09
1.227,0.0719822545005363,0.0719822545066283,0.0719822586116651,6.09198802514754e-12,4.11112877074515e-09
1.2319,0.0771749694183922,0.0771749694312801,0.0771749970087099,1.28879268368465e-11,2.75903176694126e-08
1.2368,0.0823326647242463,0.0823326647409777,0.0823327215964672,1.67313940480085e-11,5.687222097428e-08
1.2417,0.0874556967867317,0.087455696804364,0.0874557763516805,1.76322983991284e-11,7.9564948810007e-08
1.2466,0.0925444169720133,0.0925444169883865,0.0925445052510923,1.63731389557498e-11,8.82790789358268e-08
1.2515,0.097599171735728,0.0975991717490218,0.0975992522714458,1.32937966190738e-11,8.05357178168542e-08
1.2564,0.102620302712814,0.102620302722302,0.102620361389484,9.4883406687174e-12,5.86766702725949e-08
1.2613,0.107608146805289,0.107608146810732,0.107608176581951,5.44324307849564e-12,2.97766614004713e-08
1.2662,0.112563036268033,0.112563036269757,0.112563041825588,1.72385716812329e-12,5.55755487463561e-09
1.2711,0.117485298792628,0.117485298791294,0.117485300402023,1.33408561975301e-12,1.60939418736294e-09
1.276,0.122375257589313,0.122375257585769,0.122375276909528,3.54428986160116e-12,1.93202150389205e-08
1.2809,0.127233231467092,0.127233231462262,0.127233275630081,4.83038609111475e-12,4.41629889325057e-08
1.2858,0.132059534912065,0.132059534906821,0.132059599823235,5.24386090106077e-12,6.49111701889193e-08
1.2907,0.136854478164004,0.136854478159038,0.136854552748542,4.9654447220604e-12,7.45845381566745e-08
1.2956,0.141618367291247,0.141618367287075,0.141618437665555,4.17191281520957e-12,7.03743079366603e-08
1.3005,0.146351504263935,0.146351504260868,0.146351557833828,3.06712988340507e-12,5.35698933268325e-08
1.3054,0.151054187025638,0.151054187023773,0.151054216512913,1.86431425852618e-12,2.94872750383757e-08
1.3103,0.155726709563428,0.155726709562716,0.155726716962363,7.123190925995e-13,7.39893452061935e-09
1.3152,0.16036936197642,0.160369361976683,0.160369362295711,2.63039590109315e-13,3.19290760497637e-10
1.3201,0.164982430542829,0.164982430543821,0.164982443718927,9.91567938868343e-13,1.31760980182083e-08
1.325,0.169566197785586,0.169566197787027,0.169566231900702,1.44134704171961e-12,3.41151161764586e-08
1.3299,0.174120942536542,0.174120942538166,0.174120995475336,1.62322932872883e-12,5.29387932934888e-08
1.3348,0.178646939999304,0.178646940000883,0.178647003077128,1.57901469677313e-12,6.30778235199969e-08
1.3397,0.183144461810727,0.183144461812087,0.183144523340378,1.36018973861951e-12,6.15296505412921e-08
1.3446,0.187613776101113,0.187613776102146,0.187613824899386,1.03309027998932e-12,4.8798272922479e-08
1.3495,0.192055147553131,0.192055147553787,0.192055176388452,6.56197318704699e-13,2.88353206312486e-08
1.3544,0.196468837459507,0.196468837459794,0.196468846441875,2.87214696470528e-13,8.98236807156394e-09
1.3593,0.200855103779502,0.200855103779467,0.200855103685576,3.49165141244612e-14,9.39254785059518e-11
1.3642,0.205214201194218,0.205214201193933,0.205214209853469,2.84189338728424e-13,8.65925170456805e-09
1.3691,0.209546381160754,0.209546381160306,0.20954640731925,4.47364367772707e-13,2.61584963134887e-08
1.374,0.213851891965247,0.213851891964724,0.21385193508229,5.23331378232683e-13,4.31170429637806e-08
1.3789,0.218130978774822,0.2181309787743,0.218131032141962,5.22110132905595e-13,5.33671399849389e-08
1.3838,0.222383883688473,0.222383883688011,0.222383937497636,4.61741755941603e-13,5.38091634028071e-08
1.3887,0.226610845786916,0.226610845786556,0.226610890148685,3.60489416095788e-13,4.4361768924972e-08
1.3936,0.230812101181424,0.230812101181185,0.23081212909448,2.39419595260415e-13,2.79130559222018e-08
1.3985,0.234987883061676,0.234987883061559,0.234987893334393,1.16406884131948e-13,1.02727174544626e-08
1.4034,0.23913842174264,0.239138421742635,0.239138421867796,5.57887069874141e-15,1.25155497077145e-10
1.4083,0.243263944710525,0.243263944710608,0.243263950105872,8.28503932126523e-14,5.39534633636762e-09
1.4132,0.247364676667805,0.247364676667949,0.247364696525041,1.43274281327876e-13,1.98572359666471e-08
1.4181,0.251440839577353,0.251440839577528,0.251440874610464,1.74360526017381e-13,3.50331104681523e-08
1.423,0.255492652705702,0.255492652705881,0.255492697846589,1.79467551930657e-13,4.51408876389614e-08
1.4279,0.259520332665449,0.259520332665612,0.259520379717868,1.6286971771251e-13,4.70524188500576e-08
1.4328,0.263524093456835,0.263524093456965,0.263524133708751,1.30784272300843e-13,4.0251916466616e-08
1.4377,0.267504146508496,0.267504146508586,0.267504173303688,9.0205620750794e-14,2.67951919541431e-08
1.4426,0.271460700717439,0.271460700717487,0.271460711987129,4.7573056605188e-14,1.12696897924813e-08
1.4475,0.275393962488229,0.275393962488237,0.275393963243524,8.04911692853238e-15,7.55295548326984e-10
1.4524,0.279304135771422,0.279304135771398,0.279304138872429,2.42028619368284e-14,3.10100650713352e-09
1.4573,0.283191422101265,0.283191422101218,0.28319143697645,4.74065231514942e-14,1.48751853612517e-08
1.4622,0.287056020632662,0.287056020632601,0.28705604899597,6.03406213883773e-14,2.8363308479662e-08
1.4671,0.290898128177444,0.29089812817738,0.290898166326951,6.38933350671778e-14,3.81495074974758e-08
1.472,0.294717939239947,0.294717939239887,0.294717980365358,5.94524429686771e-14,4.11254112431259e-08
1.4769,0.29851564605191,0.298515646051861,0.298515682507152,4.90163465372007e-14,3.64552417697617e-08
1.4818,0.302291438606728,0.302291438606693,0.302291464148298,3.50275364269237e-14,2.55415697480998e-08
1.4867,0.306045504693046,0.306045504693026,0.306045516684759,1.9817480989559e-14,1.1991712955961e-08
1.4916,0.309778029927734,0.309778029927729,0.309778031512498,5.21804821573824e-15,1.58476409772845e-09
1.4965,0.313489197788247,0.313489197788254,0.313489199348201,6.99440505513849e-15,1.55995361073025e-09
1.5014,0.31717918964438,0.317179189644396,0.317179200595341,1.60982338570648e-14,1.0950960749323e-08
1.5063,0.32084818478944,0.320848184789461,0.320848207641256,2.16493489801906e-14,2.2851816106062e-08
1.5112,0.324496360470837,0.324496360470861,0.324496392662581,2.35367281220533e-14,3.21917438816932e-08
1.5161,0.328123891920125,0.328123891920147,0.328123927835953,2.24265050974282e-14,3.59158281448835e-08
1.521,0.331730952382479,0.331730952382498,0.331730985338007,1.89848137210902e-14,3.29555277511773e-08
1.5259,0.335317713145652,0.335317713145666,0.33531773734538,1.40998324127395e-14,2.41997286098972e-08
1.5308,0.338884343568388,0.338884343568397,0.338884356034708,8.43769498715119e-15,1.24663200318231e-08
1.5357,0.34243101110834,0.342431011108343,0.342431013582627,2.88657986402541e-15,2.47428683097795e-09
1.5406,0.345957881349471,0.34595788134947,0.345957881955304,1.88737914186277e-15,6.05832384259486e-10
1.5455,0.349465118028972,0.349465118028966,0.34946512590866,5.60662627435704e-15,7.87968779114578e-09
1.5504,0.352952883063693,0.352952883063685,0.352952901358585,7.99360577730113e-15,1.82948921567672e-08
1.5553,0.35642133657611,0.356421336576101,0.356421363680294,9.04831765069503e-15,2.7104183786264e-08
1.5602,0.359870636919828,0.359870636919819,0.359870668249001,8.88178419700125e-15,3.13291734221899e-08
1.5651,0.363300940704629,0.363300940704622,0.363300970439921,7.66053886991358e-15,2.97352916178717e-08
1.57,0.366712402821092,0.366712402821086,0.366712425628268,5.82867087928207e-15,2.28071766472659e-08
1.5749,0.370105176464762,0.370105176464758,0.370105189189257,3.5527136788005e-15,1.27244954573058e-08
1.5798,0.373479413159917,0.373479413159915,0.373479416498102,1.4432899320127e-15,3.33818522824103e-09
1.5847,0.376835262782906,0.376835262782907,0.376835262892649,4.44089209850063e-16,1.0974299247124e-10
1.5896,0.380172873585092,0.380172873585094,0.380172879084644,2.05391259555654e-15,5.49955164741434e-09
1.5945,0.383492392215391,0.383492392215394,0.383492406744453,3.05311331771918e-15,1.45290618980276e-08
1.5994,0.386793963742426,0.38679396374243,0.386793986495674,3.60822483003176e-15,2.27532480634451e-08
1.6043,0.390077731676307,0.39007773167631,0.390077758961908,3.49720252756924e-15,2.72856013339151e-08
1.6092,0.393343837990024,0.393343837990027,0.393343864766752,3.27515792264421e-15,2.67767285011544e-08
1.6141,0.396592423140493,0.396592423140496,0.396592444533806,2.55351295663786e-15,2.13933133430544e-08
1.619,0.399823626089232,0.399823626089234,0.39982363888667,1.66533453693773e-15,1.27974373875794e-08
1.6239,0.403037584322692,0.403037584322692,0.403037588448941,7.7715611723761e-16,4.12624906465098e-09
1.6288,0.406234433872244,0.406234433872244,0.406234433843361,1.11022302462516e-16,2.88822299410185e-11
1.6337,0.409414309333834,0.409414309333833,0.40941431301564,7.21644966006352e-16,3.68180647081218e-09
1.6386,0.412577343887306,0.412577343887305,0.412577355309518,1.27675647831893e-15,1.14222122871155e-08
1.6435,0.415723669315401,0.4157236693154,0.415723688344423,1.38777878078145e-15,1.90290216917077e-08
1.6484,0.418853416022446,0.418853416022445,0.418853439739783,1.49880108324396e-15,2.37173363171195e-08
1.6533,0.421966713052726,0.421966713052725,0.421966737115024,1.33226762955019e-15,2.40622977099036e-08
1.6582,0.425063688108561,0.42506368810856,0.425063708089576,1.16573417585641e-15,1.99810142875734e-08
1.6631,0.42814446756808,0.428144467568079,0.428144480282865,7.7715611723761e-16,1.27147852246878e-08
1.668,0.431209176502705,0.431209176502704,0.431209181314321,6.10622663543836e-16,4.81161588350432e-09
1.6729,0.43425793869435,0.43425793869435,0.43425793880337,1.11022302462516e-16,1.09019904215302e-10
1.6778,0.437290876652342,0.437290876652342,0.437290878975644,5.55111512312578e-17,2.3233021062552e-09
1.6827,0.440308111630063,0.440308111630064,0.440308120496899,3.88578058618805e-16,8.8668360431754e-09
1.6876,0.443309763641327,0.443309763641328,0.443309779481807,5.55111512312578e-16,1.58404795391753e-08
1.6925,0.446295951476493,0.446295951476494,0.446295972043069,6.66133814775094e-16,2.05665763308716e-08
1.6974,0.449266792718313,0.449266792718314,0.449266814293387,4.44089209850063e-16,2.15750732279751e-08
1.7023,0.452222403757539,0.452222403757539,0.452222422345461,3.88578058618805e-16,1.85879218128626e-08
1.7072,0.455162899808266,0.455162899808266,0.455162912311992,2.22044604925031e-16,1.25037267206807e-08
1.7121,0.458088394923043,0.458088394923043,0.458088400305683,1.11022302462516e-16,5.38263966731733e-09
1.717,0.460999002007741,0.460999002007741,0.460999002439234,5.55111512312578e-17,4.31492452879212e-10
1.7219,0.463894832836182,0.463894832836182,0.463894834177031,5.55111512312578e-17,1.34084954250824e-09
1.7268,0.466775998064542,0.466775998064542,0.466776004839409,1.66533453693773e-16,6.77486655664694e-09
1.7317,0.46964260724553,0.46964260724553,0.469642620357298,2.22044604925031e-16,1.31117674495584e-08
1.7366,0.47249476884234,0.47249476884234,0.472494786626127,2.22044604925031e-16,1.77837869985709e-08
1.7415,0.475332590242388,0.475332590242388,0.475332609541325,2.77555756156289e-16,1.92989369485197e-08
1.7464,0.478156177770837,0.478156177770837,0.478156194998321,1.11022302462516e-16,1.72274837728636e-08
1.7513,0.480965636703911,0.48096563670391,0.480965648892543,2.22044604925031e-16,1.21886322146381e-08
1.7562,0.483761071282,0.483761071282,0.483761077119419,5.55111512312578e-17,5.83741899262691e-09
1.7611,0.486542584722575,0.486542584722575,0.486542585574378,1.11022302462516e-16,8.51803350077063e-10
1.766,0.489310279232889,0.489310279232889,0.48931027989983,1.11022302462516e-16,6.6694066935824e-10
1.7709,0.492064256022497,0.492064256022497,0.492064261096204,1.66533453693773e-16,5.07370728763945e-09
1.7758,0.494804615315576,0.494804615315576,0.494804626094868,2.22044604925031e-16,1.07792927916961e-08
1.7807,0.497531456363065,0.497531456363065,0.497531471689378,1.66533453693773e-16,1.53263136626336e-08
1.7856,0.500244877454617,0.500244877454617,0.500244894673289,1.11022302462516e-16,1.72186728208956e-08
1.7905,0.50294497593037,0.50294497593037,0.502944991840157,1.11022302462516e-16,1.59097869323332e-08
1.7954,0.505631848192546,0.505631848192546,0.505631859983537,1.11022302462516e-16,1.17909911834246e-08
1.8003,0.508305589716866,0.508305589716866,0.508305595896984,1.11022302462516e-16,6.18011763986459e-09
1.8052,0.510966295063809,0.510966295063809,0.510966296374054,0,1.31024513461142e-09
1.8101,0.513614057889685,0.513614057889685,0.513614058136163,1.11022302462516e-16,2.46478282228679e-10
1.815,0.516248970957562,0.516248970957562,0.516248974660718,0,3.70315578201996e-09
1.8199,0.518871126148015,0.518871126148015,0.51887113493745,1.11022302462516e-16,8.7894346245676e-09
1.8248,0.521480614469729,0.521480614469729,0.521480627626982,1.11022302462516e-16,1.31572523986989e-08
1.8297,0.524077526069935,0.524077526069935,0.524077541389934,1.11022302462516e-16,1.53199990471364e-08
1.8346,0.5266619502447,0.5266619502447,0.526661964886928,1.11022302462516e-16,1.46422280966618e-08
1.8395,0.529233975449064,0.529233975449064,0.529233986778585,1.11022302462516e-16,1.13295205439456e-08
1.8444,0.531793689307031,0.531793689307031,0.531793695725526,0,6.4184954018387e-09
1.8493,0.534341178621408,0.534341178621408,0.534341180388374,1.11022302462516e-16,1.76696657305797e-09
1.8542,0.536876529383508,0.536876529383508,0.536876529417762,1.11022302462516e-16,3.42538220010624e-11
1.8591,0.539399826782712,0.539399826782712,0.53939982939572,0,2.61300803217068e-09
1.864,0.541911155215891,0.541911155215891,0.541911162312624,0,7.09673297905056e-09
1.8689,0.544410598296688,0.544410598296688,0.544410609541215,1.11022302462516e-16,1.12445274202955e-08
1.8738,0.546898238864679,0.546898238864679,0.546898252454239,1.11022302462516e-16,1.35895598107894e-08
1.8787,0.549374158994392,0.549374158994392,0.549374172424439,1.11022302462516e-16,1.34300474075033e-08
1.8836,0.551838440004198,0.551838440004198,0.551838450824559,0,1.08203604964885e-08
1.8885,0.554291162465086,0.554291162465086,0.554291169027342,0,6.56225607187366e-09
1.8934,0.5567324062093,0.556732406209299,0.556732408405534,1.11022302462516e-16,2.19623397246238e-09
1.8983,0.55916225033886,0.55916225033886,0.559162250331853,1.11022302462516e-16,7.00661750840936e-12
1.9032,0.561580773233968,0.561580773233968,0.561580774995146,0,1.76117775918527e-09
1.9081,0.563988052561287,0.563988052561287,0.563988058223734,1.11022302462516e-16,5.66244762190138e-09
1.913,0.566384165282107,0.566384165282107,0.566384174842243,0,9.56013657127386e-09
1.9179,0.568769187660399,0.568769187660399,0.568769199675297,1.11022302462516e-16,1.20148972992951e-08
1.9228,0.571143195270757,0.571143195270757,0.571143207547519,0,1.2276762162422e-08
1.9277,0.573506263006223,0.573506263006222,0.573506273283535,1.11022302462516e-16,1.02773120014277e-08
1.9326,0.575858465086012,0.575858465086012,0.575858471707968,0,6.62195598355453e-09
1.9375,0.578199875063125,0.578199875063126,0.578199877645442,1.11022302462516e-16,2.58231691585564e-09
1.9424,0.580530565831862,0.580530565831862,0.580530565920583,0,8.87211415445677e-11
1.9473,0.582850609635221,0.582850609635221,0.582850610747433,0,1.11221187815147e-09
1.9522,0.58516007807221,0.58516007807221,0.585160082525614,1.11022302462516e-16,4.45340353483203e-09
1.9571,0.587459042105048,0.587459042105048,0.58745905018458,0,8.07953215442581e-09
1.962,0.589747572066271,0.589747572066271,0.589747582650679,0,1.0584408127734e-08
1.9669,0.592025737665745,0.592025737665745,0.592025748850257,1.11022302462516e-16,1.11845120942533e-08
1.9718,0.59429360799758,0.59429360799758,0.594293617709662,1.11022302462516e-16,9.71208236055787e-09
1.9767,0.596551251546948,0.596551251546948,0.59655125815524,0,6.60829191367895e-09
1.9816,0.598798736196817,0.598798736196817,0.598798739113338,0,2.91652124673192e-09
1.9865,0.601036129234584,0.601036129234585,0.601036129510302,2.22044604925031e-16,2.7571767091672e-10
1.9914,0.603263497358633,0.603263497358633,0.603263497994746,1.11022302462516e-16,6.36112384988508e-10
1.9963,0.605480906684788,0.605480906684788,0.605480910125852,0,3.44106432237368e-09
2.0012,0.607688422752694,0.607688422752694,0.607688429533805,0,6.78111145013816e-09
2.0061,0.609886110532106,0.609886110532106,0.609886119819401,0,9.28729537719164e-09
2.011,0.612074034429097,0.612074034429097,0.612074044583437,1.11022302462516e-16,1.01543400354842e-08
2.0159,0.614252258292182,0.614252258292182,0.614252267426709,1.11022302462516e-16,9.13452702366868e-09
2.0208,0.616420845418365,0.616420845418365,0.616420851950015,2.22044604925031e-16,6.53165044273152e-09
2.0257,0.618579858559098,0.618579858559097,0.618579861754152,2.22044604925031e-16,3.19505444323909e-09
2.0306,0.620729359926172,0.620729359926172,0.620729360439916,1.11022302462516e-16,5.13744491392742e-10
2.0355,0.622869411197524,0.622869411197524,0.622869411504915,2.22044604925031e-16,3.07391334608553e-10
2.0404,0.625000073522971,0.625000073522971,0.625000076123753,2.22044604925031e-16,2.6007815900897e-09
2.0453,0.627121407529866,0.627121407529866,0.627121413175659,1.11022302462516e-16,5.64579338835358e-09
2.0502,0.629233473328684,0.629233473328684,0.629233481442203,1.11022302462516e-16,8.11351941187866e-09
2.0551,0.631336330518534,0.631336330518534,0.631336339704954,2.22044604925031e-16,9.18641918090657e-09
2.06,0.633430038192601,0.633430038192601,0.633430046745478,2.22044604925031e-16,8.55287718426467e-09
2.0649,0.635514654943514,0.635514654943513,0.635514661345347,1.11022302462516e-16,6.40183350775203e-09
2.0698,0.637590238868647,0.637590238868647,0.637590242286127,1.11022302462516e-16,3.41748052079538e-09
2.0747,0.639656847575356,0.639656847575356,0.639656848349388,0,7.74032282713222e-10
2.0796,0.641714538186142,0.641714538186142,0.641714538290456,0,1.0431477903694e-10
2.0845,0.643763367343751,0.643763367343751,0.643763369254935,1.11022302462516e-16,1.91118409986757e-09
2.0894,0.64580339121621,0.645803391216211,0.64580339587288,2.22044604925031e-16,4.65666982751856e-09
2.0943,0.6478346655018,0.6478346655018,0.647834672555549,0,7.05374858522845e-09
2.0992,0.649857245433959,0.649857245433959,0.649857253714196,0,8.28023760668373e-09
2.1041,0.65187118578613,0.65187118578613,0.651871193760079,2.22044604925031e-16,7.97394861251632e-09
2.109,0.653876540876548,0.653876540876549,0.653876547104451,1.11022302462516e-16,6.22790252702288e-09
2.1139,0.655873364572963,0.655873364572963,0.65587336815857,1.11022302462516e-16,3.5856073665741e-09
2.1188,0.6578617102973,0.6578617102973,0.657861711333691,1.11022302462516e-16,1.03639086201923e-09
2.1237,0.659841631030273,0.659841631030273,0.659841631038559,0,8.28537238817262e-12
2.1286,0.66181317931593,0.66181317931593,0.661813180669604,2.22044604925031e-16,1.35367395071029e-09
2.1335,0.663776407266143,0.663776407266143,0.663776411064854,0,3.7987103462811e-09
2.1384,0.665731366565049,0.665731366565049,0.66573137266436,0,6.09931061212876e-09
2.1433,0.667678108473426,0.667678108473426,0.667678115908174,1.11022302462516e-16,7.43474837250346e-09
2.1482,0.669616683833024,0.669616683833024,0.669616691236351,1.11022302462516e-16,7.40332706250513e-09
2.1531,0.671547143070835,0.671547143070835,0.671547149088941,0,6.01810667966163e-09
2.158,0.673469536203314,0.673469536203314,0.673469539905998,0,3.70268449234601e-09
2.1629,0.675383912840549,0.675383912840549,0.675383914127574,0,1.28702415391757e-09
2.1678,0.67729032219038,0.67729032219038,0.67729032219372,2.22044604925031e-16,3.34077210339956e-12
2.1727,0.679188813062459,0.679188813062459,0.67918881397448,1.11022302462516e-16,9.12020792220858e-10
2.1776,0.681079433872275,0.681079433872275,0.681079436930795,0,3.0585196597599e-09
2.1825,0.682962232645119,0.682962232645119,0.682962237887267,1.11022302462516e-16,5.24214838204529e-09
2.1874,0.684837257020003,0.684837257020003,0.684837263668495,1.11022302462516e-16,6.6484915350884e-09
2.1923,0.686704554253534,0.686704554253534,0.686704561099074,2.22044604925031e-16,6.8455398016809e-09
2.1972,0.68856417122374,0.68856417122374,0.688564177003603,2.22044604925031e-16,5.77986281058429e-09
2.2021,0.690416154433848,0.690416154433848,0.690416158206679,1.11022302462516e-16,3.77283093655478e-09
2.207,0.692260550016018,0.692260550016018,0.6922605515329,1.11022302462516e-16,1.51688162031149e-09
2.2119,0.694097403735033,0.694097403735033,0.694097403806863,0,7.18296533364082e-11
2.2168,0.695926760991942,0.695926760991942,0.695926761563955,1.11022302462516e-16,5.72013880706379e-10
2.2217,0.697748666827661,0.697748666827661,0.697748669251789,0,2.42412778739265e-09
2.2266,0.699563165926535,0.699563165926535,0.699563170401312,1.11022302462516e-16,4.47477699339061e-09
2.2315,0.701370302619847,0.701370302619847,0.701370308539543,0,5.91969540053583e-09
2.2364,0.703170120889297,0.703170120889297,0.703170127193499,1.11022302462516e-16,6.30420227132333e-09
2.2413,0.704962664370431,0.704962664370431,0.704962669890199,1.11022302462516e-16,5.5197683090924e-09
2.2462,0.706747976356036,0.706747976356036,0.706747980156661,1.11022302462516e-16,3.80062559202088e-09
2.2511,0.708526099799489,0.708526099799489,0.708526101519904,0,1.72041536572465e-09
2.256,0.710297077318071,0.710297077318071,0.710297077506945,1.11022302462516e-16,1.88874249573701e-10
2.2609,0.712060951196241,0.712060951196241,0.712060951517424,1.11022302462516e-16,3.21183302176564e-10
2.2658,0.713817763388867,0.713817763388867,0.713817765273683,2.22044604925031e-16,1.88481641405502e-09
2.2707,0.715567555524428,0.715567555524428,0.715567559314673,1.11022302462516e-16,3.79024511776294e-09
2.2756,0.71731036890817,0.717310368908171,0.717310374154528,2.22044604925031e-16,5.24635734855394e-09
2.2805,0.719046244525232,0.719046244525232,0.719046250307382,2.22044604925031e-16,5.78214953694811e-09
2.2854,0.720775223043728,0.720775223043728,0.720775228287369,1.11022302462516e-16,5.24364085485729e-09
2.2903,0.722497344817802,0.722497344817802,0.722497348608624,1.11022302462516e-16,3.79082210066883e-09
2.2952,0.724212649890641,0.724212649890641,0.724212651785281,0,1.89464088862223e-09
2.3001,0.725921177997454,0.725921177997454,0.725921178331475,2.22044604925031e-16,3.34021366121817e-10
2.305,0.727622968568422,0.727622968568422,0.727622968716981,1.11022302462516e-16,1.48559164969697e-10
2.3099,0.729318060731607,0.729318060731607,0.729318062162574,0,1.43096734461778e-09
2.3148,0.731006493315831,0.731006493315831,0.731006496497927,1.11022302462516e-16,3.18209658622948e-09
2.3197,0.732688304853522,0.732688304853522,0.732688309479832,0,4.62630966868716e-09
2.3246,0.734363533583528,0.734363533583528,0.73436353886508,1.11022302462516e-16,5.28155141843456e-09
2.3295,0.736032217453896,0.736032217453896,0.736032222410462,1.11022302462516e-16,4.95656582444326e-09
2.3344,0.737694394124621,0.737694394124622,0.73769439787277,1.11022302462516e-16,3.74814845827132e-09
2.3393,0.739350100970368,0.739350100970368,0.739350103008795,1.11022302462516e-16,2.03842775992058e-09
2.3442,0.740999375083152,0.740999375083152,0.74099937557533,0,4.92177631983282e-10
2.3491,0.742642253275003,0.742642253275003,0.742642253319475,1.11022302462516e-16,4.44716485858976e-11
2.354,0.744278772080585,0.744278772080585,0.744278773134521,1.11022302462516e-16,1.05393604954429e-09
2.3589,0.745908967759798,0.745908967759798,0.745908970404136,0,2.64433741570258e-09
2.3638,0.747532876300345,0.747532876300345,0.747532880357621,0,4.05727607066808e-09
2.3687,0.749150533420268,0.749150533420268,0.749150538224281,0,4.80401218805326e-09
2.3736,0.750761974570463,0.750761974570463,0.750761979233417,1.11022302462516e-16,4.66295413392714e-09
2.3785,0.752367234937157,0.752367234937157,0.752367238614333,0,3.67717589710992e-09
2.3834,0.753966349444368,0.753966349444368,0.753966351596331,0,2.15196338526624e-09
2.3883,0.755559352756329,0.755559352756329,0.755559353408716,1.11022302462516e-16,6.52386589194975e-10
2.3932,0.75714627927989,0.75714627927989,0.757146279280273,1.11022302462516e-16,3.82471831983366e-13
2.3981,0.75872716316689,0.75872716316689,0.758727163912831,2.22044604925031e-16,7.45941086677249e-10
2.403,0.760302038316506,0.760302038316506,0.760302040487909,1.11022302462516e-16,2.17140383451664e-09
2.4079,0.761870938377572,0.761870938377572,0.761870941914486,0,3.53691376187015e-09
2.4128,0.763433896750879,0.76343389675088,0.763433901101538,2.22044604925031e-16,4.35065861115191e-09
2.4177,0.764990946591443,0.764990946591443,0.764990950958043,0,4.3666001925402e-09
2.4226,0.766542120810747,0.766542120810747,0.766542124392978,1.11022302462516e-16,3.58223106733391e-09
2.4275,0.76808745207897,0.76808745207897,0.768087454315321,1.11022302462516e-16,2.23635088225649e-09
2.4324,0.769626972827176,0.769626972827176,0.769626973634049,1.11022302462516e-16,8.06872457737029e-10
2.4373,0.771160715249493,0.771160715249493,0.771160715258139,0,8.64630589347826e-12
2.4422,0.772688711305255,0.772688711305255,0.772688711805221,1.11022302462516e-16,4.99965735478725e-10
2.4471,0.774210992721135,0.774210992721135,0.774210994479267,1.11022302462516e-16,1.75813219538412e-09
2.452,0.775727590993241,0.775727590993241,0.775727594056092,1.11022302462516e-16,3.06285086182356e-09
2.4569,0.7772385373892,0.7772385373892,0.777238541311415,1.11022302462516e-16,3.92221455314257e-09
2.4618,0.778743862950214,0.778743862950214,0.778743867020957,0,4.07074252084527e-09
2.4667,0.780243598493093,0.780243598493093,0.780243601960437,0,3.46734396750037e-09
2.4716,0.781737774612271,0.781737774612271,0.781737776905576,1.11022302462516e-16,2.29330554546436e-09
2.4765,0.783226421681795,0.783226421681795,0.783226422632094,0,9.50299616775396e-10
2.4814,0.784709569857296,0.784709569857296,0.784709569915712,1.11022302462516e-16,5.84151615967698e-11
2.4863,0.78618724907794,0.78618724907794,0.78618724938762,0,3.09680281418423e-10
2.4912,0.78765948906835,0.78765948906835,0.787659490468082,0,1.39973166390917e-09
2.4961,0.789126319340521,0.789126319340521,0.789126321973233,0,2.63271238143403e-09
2.501,0.7905877691957,0.7905877691957,0.790587772714768,1.11022302462516e-16,3.51906759288312e-09
2.5059,0.792043867726258,0.792043867726259,0.792043871504378,1.11022302462516e-16,3.77811937291028e-09
2.5108,0.793494643817537,0.793494643817537,0.793494647153758,0,3.33622118819932e-09
2.5157,0.794940126149673,0.794940126149673,0.794940128474602,0,2.32492902707548e-09
2.5206,0.796380343199409,0.796380343199408,0.796380344278602,1.11022302462516e-16,1.079193068243e-09
2.5255,0.797815323241882,0.797815323241882,0.797815323377452,1.11022302462516e-16,1.35569999670793e-10
2.5304,0.799245094352395,0.799245094352395,0.799245094521759,1.11022302462516e-16,1.69363856272753e-10
2.5353,0.800669684408167,0.800669684408167,0.800669685499925,0,1.0917582393688e-09
2.5402,0.802089121090066,0.802089121090066,0.802089123334213,2.22044604925031e-16,2.24414720140231e-09
2.5451,0.803503431884327,0.803503431884327,0.803503435025652,1.11022302462516e-16,3.14132497791775e-09
2.55,0.804912644084245,0.804912644084245,0.804912647575269,0,3.4910238033703e-09
2.5549,0.806316784791859,0.806316784791859,0.806316787984093,2.22044604925031e-16,3.19223369960042e-09
2.5598,0.807715880919609,0.807715880919609,0.807715883253151,0,2.33354180423362e-09
2.5647,0.809109959191986,0.809109959191986,0.809109960383472,0,1.19148635402411e-09
2.5696,0.810499046147155,0.810499046147155,0.810499046376085,1.11022302462516e-16,2.28929430967639e-10
2.5745,0.811883168138569,0.811883168138569,0.811883168212414,1.11022302462516e-16,7.38448191484053e-11
2.5794,0.81326235133656,0.81326235133656,0.813262352166651,1.11022302462516e-16,8.3009121798483e-10
2.5843,0.814636621729919,0.814636621729919,0.814636623624762,0,1.89484250512351e-09
2.5892,0.816006005127458,0.816006005127458,0.816006007916321,1.11022302462516e-16,2.78886314042381e-09
2.5941,0.817370527159551,0.817370527159551,0.817370530370905,0,3.21135407155282e-09
2.599,0.818730213279667,0.818730213279667,0.818730216318088,1.11022302462516e-16,3.03842040416669e-09
2.6039,0.820085088765885,0.820085088765885,0.820085091087446,0,2.32156083246338e-09
2.6088,0.821435178722387,0.821435178722387,0.821435180008554,0,1.28616761685407e-09
2.6137,0.822780508080944,0.822780508080944,0.822780508410989,0,3.30044436225307e-10
2.6186,0.824121101602386,0.824121101602386,0.82412110162083,0,1.84440240857953e-11
2.6235,0.825456983878049,0.825456983878049,0.82545698448896,1.11022302462516e-16,6.10911099485634e-10
2.6284,0.826788179331219,0.826788179331219,0.826788180913758,0,1.58253965487631e-09
2.6333,0.82811471221855,0.82811471221855,0.828114714679919,1.11022302462516e-16,2.46136944159758e-09
2.6382,0.829436606631477,0.829436606631477,0.829436609572137,1.11022302462516e-16,2.94065971573332e-09
2.6431,0.83075388649761,0.83075388649761,0.830753889375107,0,2.87749624128253e-09
2.648,0.832066575582113,0.832066575582113,0.832066577873523,1.11022302462516e-16,2.29140950658291e-09
2.6529,0.833374697489072,0.833374697489072,0.83337469885208,0,1.36300859487903e-09
2.6578,0.834678275662846,0.834678275662847,0.834678276095474,2.22044604925031e-16,4.32627489388437e-10
2.6627,0.835977333389412,0.835977333389412,0.835977333388335,1.11022302462516e-16,1.07713837849133e-12
2.6676,0.837271893797683,0.837271893797683,0.837271894228361,0,4.30677715712591e-10
2.6725,0.838561979860827,0.838561979860827,0.838561981165872,1.11022302462516e-16,1.30504551609789e-09
2.6774,0.839847614397563,0.839847614397563,0.83984761655594,1.11022302462516e-16,2.15837681061259e-09
2.6823,0.841128820073449,0.841128820073449,0.841128822753634,1.11022302462516e-16,2.68018507387779e-09
2.6872,0.842405619402157,0.842405619402157,0.842405622114027,0,2.71186939571066e-09
2.6921,0.843678034746732,0.843678034746732,0.843678036992188,1.11022302462516e-16,2.24545615434835e-09
2.697,0.844946088320839,0.84494608832084,0.844946089743188,2.22044604925031e-16,1.42234868327762e-09
2.7019,0.846209802190006,0.846209802190006,0.846209802722098,1.11022302462516e-16,5.3209214812e-10
2.7068,0.847469198272841,0.847469198272841,0.84746919828399,1.11022302462516e-16,1.11489706355883e-11
2.7117,0.848724298342245,0.848724298342245,0.848724298628357,0,2.8611157887326e-10
2.7166,0.849975124026617,0.849975124026617,0.849975125086855,0,1.06023778645437e-09
2.7215,0.851221696811037,0.851221696811037,0.851221698690334,1.11022302462516e-16,1.87929738437731e-09
2.7264,0.852464038038443,0.852464038038443,0.85246404046935,1.11022302462516e-16,2.43090714224792e-09
2.7313,0.853702168910799,0.853702168910798,0.853702171454457,1.11022302462516e-16,2.54365895013819e-09
2.7362,0.854936110490244,0.854936110490244,0.854936112676213,0,2.18596851730979e-09
2.7411,0.856165883700241,0.856165883700241,0.856165885165171,1.11022302462516e-16,1.4649303992087e-09
2.746,0.857391509326699,0.857391509326699,0.857391509951888,1.11022302462516e-16,6.25188678604616e-10
2.7509,0.858613008019103,0.858613008019103,0.858613008066919,0,4.78164174921858e-11
2.7558,0.859830400291614,0.859830400291614,0.85983040046579,1.11022302462516e-16,1.74176117972991e-10
2.7607,0.861043706524174,0.861043706524174,0.861043707370249,0,8.46074654781148e-10
2.7656,0.862252946963592,0.862252946963591,0.862252948587037,1.11022302462516e-16,1.62344571119633e-09
2.7705,0.863458141724617,0.863458141724617,0.863458143918187,1.11022302462516e-16,2.19356977027019e-09
2.7754,0.864659310791013,0.864659310791013,0.86465931316573,0,2.37471642350329e-09
2.7803,0.865856474016609,0.865856474016609,0.865856476131696,0,2.11508754954792e-09
2.7852,0.867049651126347,0.867049651126347,0.86704965261812,0,1.49177292740887e-09
2.7901,0.868238861717318,0.868238861717318,0.86823886242703,2.22044604925031e-16,7.09711400759261e-10
2.795,0.869424125259792,0.869424125259792,0.869424125360459,2.22044604925031e-16,1.00667141289534e-10
2.7999,0.870605461098229,0.870605461098229,0.870605461190288,0,9.20592491127081e-11
2.8048,0.871782888452288,0.871782888452288,0.871782889112884,1.11022302462516e-16,6.60595800283659e-10
2.8097,0.872956426417826,0.872956426417826,0.872956427807891,0,1.39006417487764e-09
2.8146,0.874126093967884,0.874126093967884,0.874126095936602,0,1.96871763336048e-09
2.8195,0.875291909953664,0.875291909953664,0.87529191216031,0,2.20664597705422e-09
2.8244,0.876453893105501,0.8764538931055,0.876453895140309,1.11022302462516e-16,2.0348082108157e-09
2.8293,0.877612062033818,0.877612062033818,0.877612063537891,0,1.50407275523179e-09
2.8342,0.878766435230083,0.878766435230083,0.878766436014349,1.11022302462516e-16,7.84265319353494e-10
2.8391,0.879917031067746,0.879917031067746,0.879917031230976,0,1.63229874061699e-10
2.844,0.881063867803172,0.881063867803172,0.881063867840332,0,3.71593866788089e-11
2.8489,0.882206963576568,0.882206963576568,0.882206964078493,1.11022302462516e-16,5.0192539013949e-10
2.8538,0.883346336412894,0.883346336412894,0.883346337591233,1.11022302462516e-16,1.1783390929665e-09
2.8587,0.884482004222772,0.884482004222772,0.884482005979492,0,1.7567198806745e-09
2.8636,0.885613984803386,0.885613984803387,0.885613986844214,1.11022302462516e-16,2.0408272849437e-09
2.8685,0.886742295839369,0.886742295839369,0.88674229778634,0,1.94697080679873e-09
2.8734,0.887866954903683,0.887866954903683,0.887866956406813,0,1.50313017588388e-09
2.8783,0.888987979458495,0.888987979458495,0.888987980306574,1.11022302462516e-16,8.48079495519016e-10
2.8832,0.890105386856043,0.890105386856043,0.890105387086567,1.11022302462516e-16,2.30524599409421e-10
2.8881,0.891219194339488,0.891219194339488,0.891219194346557,1.11022302462516e-16,7.06923408699822e-12
2.893,0.892329419043769,0.892329419043769,0.892329419412044,0,3.68274521989065e-10
2.8979,0.893436077996439,0.89343607799644,0.893436078983858,1.11022302462516e-16,9.87418813380714e-10
2.9028,0.894539188118502,0.894539188118502,0.8945391896763,0,1.55779855681715e-09
2.9077,0.895638766225234,0.895638766225234,0.89563876810367,1.11022302462516e-16,1.87843529619869e-09
2.9126,0.896734829027008,0.896734829027008,0.896734830880266,1.11022302462516e-16,1.85325799151315e-09
2.9175,0.897827393130096,0.897827393130096,0.897827394620388,1.11022302462516e-16,1.49029222296093e-09
2.9224,0.898916475037479,0.898916475037479,0.898916475938337,2.22044604925031e-16,9.00857610730554e-10
2.9273,0.900002091149639,0.900002091149639,0.900002091448411,2.22044604925031e-16,2.98772007134573e-10
2.9322,0.901084257765348,0.901084257765348,0.90108425776491,0,4.37982983214624e-13
2.9371,0.902162991082447,0.902162991082447,0.902162991340386,1.11022302462516e-16,2.57939003489582e-10
2.942,0.903238307198624,0.903238307198625,0.90323830801505,2.22044604925031e-16,8.16425815841626e-10
2.9469,0.904310222112178,0.904310222112178,0.904310223484226,0,1.37204780870093e-09
2.9518,0.905378751722778,0.905378751722779,0.905378753443239,3.33066907387547e-16,1.72046088486866e-09
2.9567,0.906443911832219,0.906443911832219,0.906443913587414,1.11022302462516e-16,1.75519498935017e-09
2.9616,0.907505718145162,0.907505718145162,0.907505719612074,0,1.46691125912923e-09
2.9665,0.908564186269883,0.908564186269883,0.908564187212545,1.11022302462516e-16,9.4266194849979e-10
2.9714,0.909619331718994,0.909619331718994,0.90961933208415,0,3.65156571646708e-10
2.9763,0.910671169910178,0.910671169910178,0.910671169922216,1.11022302462516e-16,1.2038481322918e-11
2.9812,0.911719716166903,0.911719716166903,0.911719716336204,2.22044604925031e-16,1.69301239694164e-10
2.9861,0.912764985719138,0.912764985719138,0.912764986383607,0,6.64468924327366e-10
2.991,0.913806993704056,0.913806993704056,0.913806994903512,0,1.19945620102868e-09
2.9959,0.914845755166738,0.914845755166738,0.914845756734467,1.11022302462516e-16,1.56772950177242e-09
3.0008,0.915881285060862,0.915881285060862,0.915881286715017,1.11022302462516e-16,1.65415547925818e-09
3.0057,0.916913598249395,0.916913598249395,0.916913599683709,0,1.43431433397012e-09
3.0106,0.917942709505271,0.917942709505271,0.917942710479089,1.11022302462516e-16,9.73818026217543e-10
3.0155,0.918968633512069,0.918968633512069,0.918968633939704,1.11022302462516e-16,4.27634927469001e-10
3.0204,0.919991384864678,0.919991384864678,0.919991384904098,1.11022302462516e-16,3.9420355868458e-11
3.0253,0.921010978069965,0.921010978069965,0.921010978170791,0,1.00826014204358e-10
3.0302,0.922027427547429,0.922027427547429,0.922027428078082,0,5.30652632946271e-10
3.0351,0.923040747629853,0.923040747629853,0.923040748669774,0,1.03992059408142e-09
3.04,0.924050952563952,0.924050952563952,0.924050953984871,0,1.42091893806651e-09
3.0449,0.925058056511008,0.925058056511008,0.925058058062375,0,1.55136703483549e-09
3.0498,0.92606207354751,0.92606207354751,0.92606207494129,0,1.39378020236336e-09
3.0547,0.927063017665776,0.927063017665776,0.927063018660617,1.11022302462516e-16,9.94840876344938e-10
3.0596,0.928060902774585,0.928060902774585,0.92806090325936,2.22044604925031e-16,4.84775775078106e-10
3.0645,0.929055742699784,0.929055742699784,0.929055742776522,0,7.6737949328276e-11
3.0694,0.930047551184909,0.930047551184909,0.93004755123597,0,5.10615993931651e-11
3.0743,0.931036341891786,0.931036341891786,0.93103634230587,0,4.14083989319636e-10
3.0792,0.932022128401136,0.932022128401136,0.932022129294399,1.11022302462516e-16,8.93263019108304e-10
3.0841,0.933004924213169,0.933004924213169,0.933004925493745,2.22044604925031e-16,1.28057631165746e-09
3.089,0.933984742748175,0.933984742748175,0.933984744196095,1.11022302462516e-16,1.4479200061146e-09
3.0939,0.934961597347112,0.934961597347112,0.934961598693637,1.11022302462516e-16,1.34652577976624e-09
3.0988,0.935935501272182,0.935935501272182,0.935935502278559,1.11022302462516e-16,1.00637675970461e-09
3.1037,0.936906467707412,0.936906467707412,0.936906468243047,1.11022302462516e-16,5.35634980813882e-10
3.1086,0.93787450975922,0.93787450975922,0.937874509879289,1.11022302462516e-16,1.20068621711766e-10
3.1135,0.938839640456984,0.938839640456984,0.93883964047562,1.11022302462516e-16,1.86355375575431e-11
3.1184,0.9398018727536,0.9398018727536,0.93980187306748,1.11022302462516e-16,3.13879922053673e-10
3.1233,0.94076121952604,0.94076121952604,0.940761220285284,0,7.59243334869097e-10
3.1282,0.9417176935759,0.941717693575901,0.941717694723031,1.11022302462516e-16,1.14713083476659e-09
3.1331,0.942671307629951,0.942671307629951,0.942671308974725,0,1.3447745139672e-09
3.138,0.943622074340673,0.943622074340673,0.943622075634367,1.11022302462516e-16,1.2936937077157e-09
3.1429,0.944570006286802,0.944570006286802,0.944570007295958,1.11022302462516e-16,1.00915675815827e-09
3.1478,0.945515115973852,0.945515115973852,0.945515116553502,1.11022302462516e-16,5.79650105692053e-10
3.1527,0.946457415834649,0.946457415834649,0.946457416000998,1.11022302462516e-16,1.66348823604778e-10
3.1576,0.947396918229853,0.947396918229853,0.947396918232105,0,2.25219842775459e-12
3.1625,0.948333635448474,0.948333635448474,0.948333635677646,2.22044604925031e-16,2.29171459587008e-10
3.1674,0.949267579708391,0.94926757970839,0.949267580345962,2.22044604925031e-16,6.37570884975958e-10
3.1723,0.950198763156855,0.950198763156855,0.950198764177766,1.11022302462516e-16,1.02091135545379e-09
3.1772,0.951127197871001,0.951127197871001,0.951127199113772,0,1.24277188540134e-09
3.1821,0.952052895858345,0.952052895858345,0.952052897094694,1.11022302462516e-16,1.23634946724849e-09
3.187,0.952975869057283,0.952975869057283,0.952975870061245,2.22044604925031e-16,1.00396213564835e-09
3.1919,0.953896129337583,0.953896129337582,0.953896129954139,1.11022302462516e-16,6.16556583565853e-10
3.1968,0.954813688500871,0.954813688500871,0.954813688714089,1.11022302462516e-16,2.13218331879261e-10
3.2017,0.95572855828112,0.95572855828112,0.955728558281809,0,6.89004409082372e-13
3.2066,0.956640750345128,0.956640750345128,0.956640750504237,0,1.59109503350408e-10
3.2115,0.95755027629299,0.95755027629299,0.957550276820904,1.11022302462516e-16,5.27914378878336e-10
3.2164,0.958457147658577,0.958457147658577,0.958457148560733,0,9.02155683490946e-10
3.2213,0.959361375910001,0.959361375910001,0.959361377052643,0,1.14264164796651e-09
3.2262,0.960262972450079,0.960262972450079,0.960262973625555,1.11022302462516e-16,1.1754762718752e-09
3.2311,0.961161948616791,0.961161948616791,0.961161949608388,1.11022302462516e-16,9.91596804666983e-10
3.236,0.962058315683743,0.962058315683743,0.962058316330062,1.11022302462516e-16,6.46319886499214e-10
3.2409,0.962952084860611,0.962952084860611,0.962952085119498,1.11022302462516e-16,2.58887133952612e-10
3.2458,0.963843267293598,0.963843267293597,0.963843267305615,1.11022302462516e-16,1.20170540185427e-11
3.2507,0.964731874065872,0.964731874065872,0.964731874168738,1.11022302462516e-16,1.02865493900595e-10
3.2556,0.965617916198014,0.965617916198013,0.965617916627923,2.22044604925031e-16,4.29909663424155e-10
3.2605,0.966501404648448,0.966501404648448,0.966501405439472,1.11022302462516e-16,7.91023468948993e-10
3.2654,0.967382350313884,0.967382350313884,0.967382351358898,1.11022302462516e-16,1.04501352016229e-09
3.2703,0.96826076402974,0.968260764029739,0.968260765141714,2.22044604925031e-16,1.11197484553571e-09
3.2752,0.969136656570572,0.969136656570572,0.969136657543437,1.11022302462516e-16,9.72864899750903e-10
3.2801,0.970010038650502,0.970010038650501,0.97001003931958,2.22044604925031e-16,6.69078792370215e-10
3.285,0.970880920923627,0.970880920923627,0.970880921225658,1.11022302462516e-16,3.02030733756453e-10
3.2899,0.971749313984447,0.971749313984447,0.971749314017183,1.11022302462516e-16,3.27361471263998e-11
3.2948,0.97261522836827,0.97261522836827,0.972615228427907,0,5.96366289684624e-11
3.2997,0.973478674551625,0.973478674551625,0.973478674894794,1.11022302462516e-16,3.43168382599401e-10
3.3046,0.974339662952666,0.974339662952666,0.974339663640271,2.22044604925031e-16,6.87605528071344e-10
3.3095,0.975198203931575,0.975198203931576,0.975198204881998,2.22044604925031e-16,9.50422296419617e-10
3.3144,0.976054307790965,0.976054307790965,0.976054308837631,3.33066907387547e-16,1.04666586508984e-09
3.3193,0.97690798477627,0.976907984776271,0.976907985724828,3.33066907387547e-16,9.48557454805155e-10
3.3242,0.977759245076144,0.977759245076144,0.977759245761246,2.22044604925031e-16,6.8510219719542e-10
3.3291,0.978608098822845,0.978608098822845,0.978608099164544,1.11022302462516e-16,3.41698891404008e-10
3.334,0.979454556092626,0.979454556092626,0.979454556152378,1.11022302462516e-16,5.97522031853259e-11
3.3389,0.980298626906117,0.980298626906117,0.980298626934762,1.11022302462516e-16,2.8645419369866e-11
3.3438,0.981140321228703,0.981140321228703,0.981140321495987,3.33066907387547e-16,2.67283417620945e-10
3.3487,0.981979648970904,0.981979648970904,0.981979649562839,3.33066907387547e-16,5.91934279370321e-10
3.3536,0.982816619988749,0.982816619988749,0.982816620848071,5.55111512312578e-16,8.59321391821766e-10
3.3585,0.983651244084144,0.983651244084144,0.983651245064434,4.44089209850063e-16,9.80290293384201e-10
3.3634,0.984483531005243,0.984483531005242,0.984483531924682,5.55111512312578e-16,9.19438636337588e-10
3.3683,0.985313490446811,0.985313490446811,0.985313491141564,5.55111512312578e-16,6.94752921859276e-10
3.3732,0.986141132050589,0.986141132050589,0.986141132427834,2.22044604925031e-16,3.77245568117246e-10
3.3781,0.986966465405649,0.986966465405649,0.986966465496244,1.11022302462516e-16,9.05948649432275e-11
3.383,0.987789500048753,0.987789500048753,0.987789500057896,2.22044604925031e-16,9.14290865239309e-12
3.3879,0.988610245464707,0.988610245464707,0.988610245666543,5.55111512312578e-16,2.01835881341594e-10
3.3928,0.989428711086708,0.989428711086709,0.989428711590699,7.7715611723761e-16,5.03990960076806e-10
3.3977,0.990244906296697,0.990244906296698,0.990244907068783,1.11022302462516e-15,7.72086394817961e-10
3.4026,0.991058840425697,0.991058840425699,0.991058841339212,1.11022302462516e-15,9.13514375255886e-10
3.4075,0.991870522754163,0.991870522754165,0.991870523640403,1.22124532708767e-15,8.86239748254525e-10
3.4124,0.992679962512315,0.992679962512316,0.992679963210774,1.22124532708767e-15,6.98458957337778e-10
3.4173,0.993487168880478,0.993487168880478,0.993487169288742,9.99200722162641e-16,4.08264644313761e-10
3.4222,0.994292150989414,0.994292150989414,0.994292151112725,6.66133814775094e-16,1.23311472144394e-10
3.4271,0.995094917920656,0.995094917920656,0.995094917921065,1.11022302462516e-16,4.08340028457133e-13
3.432,0.995895478706835,0.995895478706835,0.995895478853233,4.44089209850063e-16,1.46397782785357e-10
3.4369,0.996693842332007,0.996693842332006,0.99669384275572,1.11022302462516e-15,4.2371339770142e-10
3.4418,0.997490017731973,0.997490017731971,0.997490018420998,1.66533453693773e-15,6.89025170252933e-10
3.4467,0.998284013794605,0.998284013794603,0.998284014641538,1.99840144432528e-15,8.46933523312998e-10
3.4516,0.999075839360162,0.99907583936016,0.999075840209813,2.22044604925031e-15,8.49651460299583e-10
3.4565,0.999865503221606,0.999865503221604,0.999865503918296,2.22044604925031e-15,6.96689816948037e-10
3.4614,1.00065301412492,1.00065301412491,1.00065301455946,1.77635683940025e-15,4.34542846150521e-10
3.4663,1.00143838076939,1.00143838076939,1.00143838092577,8.88178419700125e-16,1.56376911419898e-10
3.4712,1.00222161180799,1.00222161180799,1.00222161180971,0,1.72262204500839e-12
3.4761,1.00300271584757,1.00300271584757,1.00300271594811,1.11022302462516e-15,1.00536912128746e-10
3.481,1.00378170144928,1.00378170144928,1.00378170180028,2.44249065417534e-15,3.51002560350366e-10
3.4859,1.00455857712879,1.00455857712879,1.00455857773917,3.5527136788005e-15,6.10384187638147e-10
3.4908,1.00533335135662,1.00533335135662,1.00533335213769,4.44089209850063e-15,7.81073428157697e-10
3.4957,1.00610603255843,1.00610603255843,1.00610603336875,5.10702591327572e-15,8.10321587607632e-10
3.5006,1.00687662911532,1.00687662911532,1.00687662980526,5.10702591327572e-15,6.89940993225946e-10
3.5055,1.00764514936412,1.00764514936412,1.00764514982013,4.21884749357559e-15,4.56017001937425e-10
3.5104,1.00841160159767,1.00841160159767,1.00841160178629,2.66453525910038e-15,1.88617788055012e-10
3.5153,1.00917599406512,1.00917599406512,1.00917599407663,4.44089209850063e-16,1.15054632487954e-11
3.5202,1.00993833497222,1.00993833497222,1.00993833503605,1.99840144432528e-15,6.38218367043919e-11
3.5251,1.01069863248158,1.01069863248158,1.01069863276731,4.88498130835069e-15,2.8572832988516e-10
3.53,1.01145689471297,1.01145689471296,1.01145689524932,7.54951656745106e-15,5.36355626579166e-10
3.5349,1.01221312974358,1.01221312974357,1.01221313045998,9.76996261670138e-15,7.16400716527232e-10
3.5398,1.01296734560833,1.01296734560832,1.01296734637718,1.13242748511766e-14,7.68852537191833e-10
3.5447,1.01371955030011,1.0137195503001,1.01371955097883,1.11022302462516e-14,6.78716638446986e-10
3.5496,1.01446975177007,1.01446975177006,1.01446975224281,9.99200722162641e-15,4.72741623624984e-10
3.5545,1.01521795792788,1.01521795792787,1.01521795814703,6.88338275267597e-15,2.19153140079698e-10
3.5594,1.015964176642,1.015964176642,1.01596417666939,2.22044604925031e-15,2.73816525009352e-11
3.5643,1.01670841573998,1.01670841573998,1.0167084157758,3.77475828372553e-15,3.58226781571602e-11
3.5692,1.01745068300864,1.01745068300866,1.01745068323638,1.04360964314765e-14,2.2773560814926e-10
3.5741,1.01819098619444,1.01819098619446,1.01819098666153,1.66533453693773e-14,4.67082594823864e-10
3.579,1.01892933300365,1.01892933300367,1.01892933365697,2.22044604925031e-14,6.53320286758685e-10
3.5839,1.01966573110265,1.01966573110267,1.01966573182845,2.62012633811537e-14,7.25801641010548e-10
3.5888,1.02040018811818,1.0204001881182,1.0204001887817,2.70894418008538e-14,6.63520793864336e-10
3.5937,1.02113271163759,1.02113271163761,1.02113271212245,2.44249065417534e-14,4.84860374072582e-10
3.5986,1.0218633092091,1.02186330920912,1.02186330945644,1.79856129989275e-14,2.47338372005856e-10
3.6035,1.02259198834205,1.02259198834206,1.02259198838941,7.7715611723761e-15,4.73578953830156e-11
3.6084,1.02331875650713,1.02331875650713,1.02331875652324,5.77315972805081e-15,1.61131108455947e-11
3.6133,1.02404362113664,1.02404362113662,1.02404362131349,2.1316282072803e-14,1.76845871280307e-10
3.6182,1.02476658962474,1.0247665896247,1.0247665900274,3.75255382323303e-14,4.02665234489064e-10
3.6231,1.02548766932768,1.02548766932762,1.02548766991986,5.19584375524573e-14,5.92184301595466e-10
3.628,1.02620686756404,1.02620686756398,1.02620686824572,6.23945339839338e-14,6.81678713476686e-10
3.6329,1.026924191615,1.02692419161494,1.02692419225985,6.61692922676593e-14,6.4484906303619e-10
3.6378,1.02763964872454,1.02763964872447,1.02763964921712,6.23945339839338e-14,4.92583529521085e-10
3.6427,1.02835324609966,1.02835324609961,1.02835324637239,4.81836792687318e-14,2.72723177374701e-10
3.6476,1.02906499091069,1.02906499091067,1.02906499098052,2.46469511466785e-14,6.98268109999844e-11
3.6525,1.02977489029144,1.02977489029144,1.02977489029571,7.99360577730113e-15,4.2748027340167e-12
3.6574,1.03048295133946,1.03048295133951,1.03048295147233,4.66293670342566e-14,1.32865274338201e-10
3.6623,1.03118918111631,1.03118918111639,1.03118918145947,8.77076189453874e-14,3.43165940108747e-10
3.6672,1.03189358664769,1.03189358664782,1.03189358718099,1.26121335597418e-13,5.33295407834089e-10
3.6721,1.03259617492378,1.03259617492394,1.03259617556073,1.55875312657372e-13,6.36950492349797e-10
3.677,1.03329695289937,1.03329695289954,1.03329695352255,1.70086167372574e-13,6.23181284353791e-10
3.6819,1.03399592749412,1.03399592749428,1.03399592799029,1.63646873829748e-13,4.96171104202858e-10
3.6868,1.03469310559279,1.03469310559292,1.03469310588781,1.33226762955019e-13,2.95015567530754e-10
3.6917,1.03538849404545,1.03538849404552,1.03538849413895,7.63833440942108e-14,9.35047594907701e-11
3.6966,1.03608209966766,1.03608209966766,1.03608209966756,5.10702591327572e-15,1.02806652080289e-13
3.7015,1.03677392924077,1.03677392924066,1.03677392933635,1.05249142734465e-13,9.55866497065472e-11
3.7064,1.03746398951202,1.03746398951181,1.03746398980064,2.14717132962505e-13,2.88613799526161e-10
3.7113,1.03815228719487,1.03815228719455,1.03815228767178,3.2041036490682e-13,4.76910733127056e-10
3.7162,1.0388388289691,1.0388388289687,1.03883882956114,4.05897537802957e-13,5.9203930646845e-10
3.7211,1.03952362148112,1.03952362148067,1.0395236220801,4.55191440096314e-13,5.98976646060123e-10
3.726,1.04020667134409,1.04020667134364,1.04020667184001,4.51416681812589e-13,4.9591464268417e-10
3.7309,1.04088798513819,1.04088798513781,1.04088798545224,3.82138765075979e-13,3.14048342886508e-10
3.7358,1.04156756941078,1.04156756941054,1.04156756952816,2.40918396343659e-13,1.1737633087705e-10
3.7407,1.04224543067664,1.04224543067661,1.04224543067914,2.95319324550292e-14,2.49511522554258e-12
3.7456,1.04292157541813,1.04292157541837,1.04292157548292,2.40252262528884e-13,6.4789951181865e-11
3.7505,1.04359601008542,1.04359601008597,1.04359601032443,5.44009282066327e-13,2.39007036384464e-10
3.7554,1.0442687410967,1.04426874109755,1.04426874151995,8.46434033974219e-13,4.23245660741145e-10
3.7603,1.04493977483832,1.04493977483943,1.04493977538565,1.10533804331681e-12,5.47325296196277e-10
3.7652,1.04560911766506,1.04560911766633,1.04560911823773,1.26987309556625e-12,5.72672353982284e-10
3.7701,1.04627677590024,1.04627677590154,1.04627677639237,1.29851684960158e-12,4.92128560125593e-10
3.775,1.04694275583601,1.04694275583715,1.04694275616577,1.14153131391959e-12,3.29757554595744e-10
3.7799,1.04760706373346,1.04760706373423,1.04760706387411,7.77822251052385e-13,1.40653488855946e-10
3.7848,1.04826970582283,1.04826970582303,1.04826970583358,2.04503081135954e-13,1.07522879488897e-11
3.7897,1.04893068830372,1.04893068830317,1.04893068834397,5.50004486399303e-13,4.02491373563407e-11
3.7946,1.04959001734528,1.04959001734386,1.0495900175396,1.4237500067793e-12,1.94321447821721e-10
3.7995,1.05024769908635,1.05024769908402,1.05024769945883,2.32991403947835e-12,3.7247893658332e-10
3.8044,1.05090373963569,1.05090373963255,1.05090374013884,3.14503978415814e-12,5.03150854314072e-10
3.8093,1.05155814507215,1.05155814506843,1.05155814561683,3.7168046418401e-12,5.4467941268399e-10
3.8142,1.05221092144482,1.05221092144093,1.05221092192996,3.89532850419982e-12,4.85139928230183e-10
3.8191,1.05286207477329,1.05286207476973,1.05286207511544,3.55138141117095e-12,3.42158745780807e-10
3.824,1.05351161104772,1.05351161104515,1.05351161121045,2.56528132069889e-12,1.62734714592716e-10
3.8289,1.05415953622911,1.05415953622815,1.05415953625217,9.61453139325386e-13,2.30633290243532e-11
3.8338,1.05480585624943,1.05480585625067,1.05480585627116,1.2339018695684e-12,2.17315054840128e-11
3.8387,1.05545057701182,1.05545057701571,1.05545057716633,3.89532850419982e-12,1.54508628114058e-10
3.8436,1.05609370439072,1.05609370439744,1.05609370471548,6.71929178963637e-12,3.24753779423759e-10
3.8485,1.05673524423211,1.05673524424143,1.05673524469193,9.32054433633311e-12,4.59819293752162e-10
3.8534,1.05737520235362,1.057375202365,1.057375202869,1.13820064484571e-11,5.15383291599392e-10
3.8583,1.05801358454471,1.05801358455677,1.05801358501999,1.20548016013799e-11,4.75279815503882e-10
3.8632,1.0586503965669,1.05865039657825,1.05865039691823,1.13495879361381e-11,3.51329632053421e-10
3.8681,1.05928564415384,1.05928564416259,1.05928564433701,8.74567085418221e-12,1.83173920476065e-10
3.873,1.05991933301156,1.05991933301563,1.05991933304967,4.07185396511522e-12,3.81064069188142e-11
3.8779,1.06055146881859,1.06055146881596,1.06055146882759,2.63655763887982e-12,9.00146623905584e-12
3.8828,1.06118205722614,1.06118205721513,1.06118205734564,1.10111919582323e-11,1.19501741835393e-10
3.8877,1.06181110385826,1.06181110383806,1.06181110413844,2.0199619754635e-11,2.80183654055577e-10
3.8926,1.06243861431199,1.06243861428332,1.06243861472959,2.86648482727969e-11,4.17599732571716e-10
3.8975,1.06306459415754,1.06306459412183,1.06306459464268,3.57072149625992e-11,4.85141038453207e-10
3.9024,1.06368904893845,1.06368904889931,1.06368904940133,3.91420229561845e-11,4.6287640387277e-10
3.9073,1.06431198417173,1.06431198413363,1.06431198452913,3.81032982943452e-11,3.57396334749183e-10
3.9122,1.06493340534803,1.06493340531627,1.06493340554968,3.1756819396378e-11,2.01652694542531e-10
3.9171,1.06555331793178,1.06555331791459,1.06555331798659,1.71906933132959e-11,5.48054934768061e-11
3.922,1.06617172736139,1.06617172736587,1.06617172736321,4.47508696765908e-12,1.82254211722466e-12
3.9269,1.06678863904934,1.06678863908058,1.06678863913856,3.12454506712356e-11,8.92188545265071e-11
3.9318,1.06740405838238,1.06740405844408,1.06740405862123,6.17073059316908e-11,2.38854269696276e-10
3.9367,1.06801799072165,1.06801799081398,1.06801799109838,9.2320151523495e-11,3.76728204187771e-10
3.9416,1.06863044140289,1.06863044152102,1.06863044185717,1.1813328093524e-10,4.54283055617566e-10
3.9465,1.0692414157365,1.06924141587616,1.06924141618475,1.39658506981277e-10,4.48253878460037e-10
3.9514,1.06985091900775,1.06985091914769,1.06985091936827,1.39932510023755e-10,3.60520280295873e-10
3.9563,1.07045895647694,1.07045895659545,1.07045895669489,1.18513643343476e-10,2.17957873971386e-10
3.9612,1.07106553337947,1.0710655334515,1.07106553345177,7.2022832142693e-11,7.22928383822818e-11
3.9661,1.07167065492609,1.07167065492535,1.07167065492604,7.4229511426438e-13,4.41868763800812e-14
3.971,1.07227432630295,1.07227432621077,1.07227432636651,9.21782650209479e-11,6.35635988288641e-11
3.9759,1.07287655267179,1.07287655247282,1.07287655287262,1.9897550274095e-10,2.00826466567605e-10
3.9808,1.0734773391701,1.07347733884354,1.07347733950751,3.26562776820083e-10,3.37410099859881e-10
3.9857,1.07407669091121,1.07407669048062,1.07407669133432,4.30588675826016e-10,4.231128780674e-10
3.9906,1.07467461298447,1.07467461247335,1.0746746134162,5.11119369051016e-10,4.31725322158627e-10
3.9955,1.07527111045538,1.07527110992783,1.07527111081627,5.27546895057185e-10,3.60889984563073e-10
4.0004,1.07586618836572,1.07586618790011,1.07586618859768,4.65607330468742e-10,2.31962671293218e-10
4.0053,1.07645985173369,1.07645985142399,1.07645985182357,3.09708036994039e-10,8.98774388247148e-11
4.0102,1.07705210555407,1.07705210550187,1.07705210555708,5.22040188855044e-11,3.00559577226522e-12
4.0151,1.07764295479832,1.07764295509956,1.07764295484075,3.01241698252852e-10,4.2428283109075e-11
4.02,1.07823240441473,1.07823240514251,1.07823240458087,7.27782945020294e-10,1.66138880430822e-10
4.0249,1.07882045932855,1.0788204605139,1.07882045962838,1.1853455994526e-09,2.99823055271986e-10
4.0298,1.07940712444216,1.07940712605386,1.07940712483407,1.61170343737638e-09,3.91907839514261e-10
4.0347,1.07999240463513,1.07999240656319,1.07999240504872,1.92805948984187e-09,4.13591161319005e-10
4.0396,1.08057630476441,1.08057630681202,1.08057630512312,2.04760830513351e-09,3.58709950631919e-10
4.0445,1.08115882966444,1.08115883154133,1.08115882990805,1.8768848697448e-09,2.4360957695535e-10
4.0494,1.08173998414728,1.08173998549465,1.0817399842543,1.34736422019444e-09,1.07015285522039e-10
4.0543,1.08231977300275,1.08231977341363,1.08231977301265,4.10888878477067e-10,9.90252324584162e-12
4.0592,1.08289820099851,1.08289820007228,1.08289820102421,9.26234644538226e-10,2.56954457711345e-11
4.0641,1.08347527288028,1.08347527028953,1.08347527301509,2.59074162123341e-09,1.34811273255764e-10
4.069,1.08405099337185,1.0840509889352,1.08405099363597,4.43664927018972e-09,2.64118504844646e-10
4.0739,1.08462536717531,1.08462536095049,1.08462536753623,6.22481843848277e-09,3.60919738540133e-10
4.0788,1.0851983989711,1.08519839131534,1.08519839936524,7.65576246841704e-09,3.94138943704547e-10
4.0837,1.08577009341818,1.08577008505364,1.08577009377237,8.36453728503272e-09,3.54198226304447e-10
4.0886,1.08634045515411,1.08634044720482,1.08634045540701,7.94929677638834e-09,2.5289703664555e-10
4.0935,1.08690948879524,1.08690948271699,1.08690948891852,6.07824501841492e-09,1.2328738030476e-10
4.0984,1.08747719893673,1.08747719641936,1.08747719895629,2.51736986811579e-09,1.95563565341672e-11
4.1033,1.08804359015277,1.08804359294723,1.08804359016601,2.79446377149384e-09,1.3242296148519e-11
4.1082,1.08860866699663,1.08860867663541,1.08860866710347,9.63878354909298e-09,1.06845421399271e-10
4.1131,1.08917243400082,1.08917245146161,1.08917243423124,1.74607959202433e-08,2.30424568314902e-10
4.118,1.08973489567718,1.08973492103306,1.08973489600755,2.53558827267852e-08,3.30376170865065e-10
4.1229,1.09029605651702,1.09029608859945,1.09029605689065,3.20824360411365e-08,3.73639119644054e-10
4.1278,1.0908559209912,1.090855956999,1.09085592133878,3.60077985206431e-08,3.47577522319398e-10
4.1327,1.09141449355031,1.09141452896571,1.09141449381018,3.54153990578254e-08,2.59867238838751e-10
4.1376,1.09197177862471,1.09197180728689,1.09197177876309,2.86621835154932e-08,1.38378863923094e-10
4.1425,1.09252778062468,1.09252779506363,1.09252778065575,1.44389467049422e-08,3.1066704764271e-11
4.1474,1.09308250394055,1.09308249616352,1.09308250394549,7.77702968690619e-09,4.93671770129822e-12
4.1523,1.09363595294278,1.09363591549899,1.09363595302501,3.74437851835552e-08,8.22280021850474e-11
4.1572,1.09418813198207,1.09418805955634,1.09418813218092,7.24257340767309e-08,1.98846716870094e-10
4.1621,1.09473904538952,1.09473893615379,1.09473904569,1.09235726464263e-07,3.00481639570194e-10
4.167,1.09528869747666,1.09528855539021,1.09528869782901,1.42086450605206e-07,3.52346596343978e-10
4.1719,1.09583709253564,1.09583692873782,1.09583709287472,1.63797819308087e-07,3.39072325772349e-10
4.1768,1.09638423483929,1.09638406845755,1.09638423510389,1.66381746158351e-07,2.64597677102074e-10
4.1817,1.09693012864124,1.09692998705985,1.0969301287933,1.41581384394129e-07,1.52061252478575e-10
4.1866,1.09747477817602,1.09747469603335,1.09747477821971,8.21426671127057e-08,4.36954916693821e-11
4.1915,1.09801818765917,1.09801820346629,1.09801818765981,1.58071236100454e-08,6.44373443492441e-13
4.1964,1.09856036128737,1.09856051270597,1.0985603613483,1.51418596772146e-07,6.09323702605025e-11
4.2013,1.09910130323851,1.09910162051901,1.09910130340798,3.1728050386981e-07,1.69471547906141e-10
4.2062,1.0996410176718,1.09964151487823,1.09964101794321,4.97206431360198e-07,2.71418887365371e-10
4.2111,1.10017950872789,1.1001801748103,1.10017950905839,6.66082415667901e-07,3.30499627665404e-10
4.216,1.10071678052897,1.10071757019062,1.10071678085787,7.89661657396579e-07,3.28905791491252e-10
4.2209,1.10125283717885,1.10125366527861,1.10125283744604,8.28099763428014e-07,2.67192712399833e-10
4.2258,1.1017876827631,1.10178841983033,1.10178768292727,7.37067237244204e-07,1.64178670658544e-10
4.2307,1.1023213213491,1.10232179808227,1.10232132140594,4.76733174936683e-07,5.68427527269932e-11
4.2356,1.10285375698619,1.10285377761151,1.10285375698642,2.06253170098591e-08,2.25597318603832e-13
4.2405,1.10338499370575,1.10338435650932,1.10338499374867,6.37196437391907e-07,4.29205559981938e-11
4.2454,1.10391503552128,1.10391356696076,1.10391503566365,1.46856052407607e-06,1.42367007072153e-10
4.2503,1.10444388642853,1.10444148459436,1.10444388667188,2.40183416888584e-06,2.43349118633773e-10
4.2552,1.10497155040557,1.10496823065474,1.10497155071389,3.31975083089908e-06,3.08318481856418e-10
4.2601,1.10549803141291,1.10549398453724,1.1054980317302,4.04687567256978e-06,3.17295523188932e-10
4.265,1.10602333339358,1.10601895875072,1.10602333366135,4.37464285640843e-06,2.67776023576971e-10
4.2699,1.10654746027323,1.10654340011529,1.10654746044786,4.06015793741332e-06,1.74633640881439e-10
4.2748,1.10707041596023,1.10706754853036,1.10707041603026,2.86742987221089e-06,7.00255409213923e-11
4.2797,1.10759220434577,1.10759158453863,1.10759220434907,6.19807145385565e-07,3.29980487379089e-12
4.2846,1.10811282930393,1.10811559405821,1.10811282933207,2.76475428351297e-06,2.8143265495828e-11
4.2895,1.10863229469179,1.10863948504784,1.10863229480937,7.19035605389884e-06,1.1758372053805e-10
4.2944,1.10915060434952,1.10916294792126,1.10915060456593,1.23435717431786e-05,2.16415774190182e-10
4.2993,1.10966776210048,1.10968537347063,1.10966776238649,1.76113701502167e-05,2.86007217908946e-10
4.3042,1.1101837717513,1.1102058794985,1.11018377205575,2.21077471977971e-05,3.04454017552303e-10
4.3091,1.11069863709197,1.11072322181766,1.11069863735845,2.45847256876708e-05,2.66485722377752e-10
4.314,1.11121236189594,1.1112361143097,1.11121236207932,2.37524137587375e-05,1.83377757423386e-10
4.3189,1.1117249499202,1.11174302489988,1.11172495000306,1.80749796783175e-05,8.28628277105281e-11
4.3238,1.11223640490538,1.11224272554109,1.11223640491441,6.32063571748276e-06,9.03876973268325e-12
4.3287,1.11274673057582,1.11273453437012,1.11274673059236,1.21962057018088e-05,1.65445435129641e-11
4.3336,1.11325593063968,1.11321857660662,1.11325593073484,3.73540330607103e-05,9.51598799758813e-11
4.3385,1.11376400878902,1.11369638237037,1.11376400897976,6.76264186512121e-05,1.90742754924145e-10
4.3434,1.11427096869986,1.11417103316316,1.11427096896362,9.99355366995136e-05,2.63754129647964e-10
4.3483,1.11477681403233,1.11464796202933,1.11477681432292,0.000128852003000723,2.90584667439475e-10
4.3532,1.11528154843068,1.1151335966611,1.11528154869415,0.000147951769581711,2.63469246419845e-10
4.3581,1.11578517552341,1.11563712863489,1.11578517571381,0.000148046888521103,1.90403470767819e-10
4.363,1.11628769892335,1.11616764849168,1.11628769901841,0.000120050431671181,9.50559631007764e-11
4.3679,1.11678912222775,1.11673407477875,1.11678912224444,5.50474490006447e-05,1.66877622831407e-11
4.3728,1.11728944901832,1.11734272097388,1.11728944902638,5.32719555577099e-05,8.05866484654416e-12
4.3777,1.11778868286138,1.11799480048082,1.1177886829365,0.000206117619437673,7.5117911890743e-11
4.3826,1.11828682730789,1.1186834716581,1.11828682747433,0.000396644350210806,1.6643864064747e-10
4.3875,1.11878388589356,1.1193925071373,1.11878388613529,0.000608621243743501,2.41730191419265e-10
4.3924,1.1192798621389,1.12008883097355,1.11927986241478,0.000808968834653534,2.75882428013574e-10
4.3973,1.11977475954935,1.12073143491459,1.11977475980823,0.000956675365247905,2.58881804882094e-10
4.4022,1.12026858161531,1.12126103867136,1.12026858181104,0.000992457056049778,1.9573342946444e-10
4.4071,1.12076133181226,1.12161282974409,1.12076133191864,0.000851497931829925,1.06379571818138e-10
4.412,1.12125301360081,1.12172013005983,1.12125301362643,0.000467116459023531,2.56206167392747e-11
4.4169,1.12174363042679,1.12153225827895,1.1217436304294,0.000211372147842726,2.61546340141194e-12
4.4218,1.12223318572134,1.12102672929003,1.12223318577881,0.00120645643131012,5.74709169143262e-11
4.4267,1.12272168290096,1.12023229614334,1.12272168304456,0.00248938675762322,1.43595579871203e-10
4.4316,1.12320912536762,1.11924994373258,1.12320912558771,0.00395918163503906,2.20091722624716e-10
4.4365,1.12369551650882,1.11827000855004,1.12369551676935,0.00542550795877772,2.60531374252082e-10
4.4414,1.12418085969765,1.11758999265544,1.12418085995052,0.00659086704220413,2.52879051032551e-10
4.4463,1.12466515829289,1.11759130514161,1.12466515849231,0.00707385315128417,1.99416261281726e-10
4.4512,1.12514841563909,1.11875917969809,1.12514841575576,0.00638923594100738,1.166662322305e-10
4.4561,1.12563063506663,1.12160686591185,1.12563063510195,0.00402376915478198,3.53186369039804e-11
4.461,1.12611181989179,1.1266306968257,1.12611181989193,0.000518876933908174,1.39221967287995e-13
4.4659,1.12659197341683,1.13421214646886,1.12659197345905,0.00762017305202334,4.22182289128159e-11
4.4708,1.12707109893008,1.14444127288972,1.12707109905237,0.0173701739596428,1.22290622073251e-10
4.4757,1.12754919970598,1.156906792621,1.12754919990496,0.0293575929150167,1.98979055454629e-10
4.4806,1.12802627900519,1.17036189178874,1.12802627924989,0.0423356127835546,2.44705367080655e-10
4.4855,1.12850234007462,1.18244303367333,1.12850234032024,0.0539406935987161,2.45618192451502e-10
4.4904,1.12897738614754,1.18937059292853,1.12897738634907,0.0603932067809803,2.01520578002601e-10
4.4953,1.12945142044365,1.18629767128068,1.12945142056945,0.0568462508370229,1.25800703187906e-10
4.5002,1.12992444616911,1.16869230203802,1.12992444621447,0.0387678558689135,4.53583837156657e-11
4.5051,1.13039646651665,1.13403400175878,1.13039646651719,0.00363753524213228,5.36681810103801e-13
4.51,1.13086748466563,1.08408811662732,1.13086748469498,0.0467793680383011,2.9351854280435e-11
4.5149,1.13133750378209,1.02466177866786,1.13133750388468,0.106675725114226,1.02589492456673e-10
4.5198,1.13180652701886,0.963994337343643,1.13180652719738,0.167812189675222,1.78519865556837e-10
4.5247,1.1322745575156,0.909825620519865,1.13227455774417,0.222448936995736,2.28567831328519e-10
4.5296,1.13274159839886,0.868276062912697,1.13274159863611,0.26446553548616,2.37254216273186e-10
4.5345,1.13320765278216,0.844798763035717,1.13320765298429,0.288408889746441,2.0213053453233e-10
4.5394,1.13367272376607,0.846983150267622,1.13367272389978,0.286689573498448,1.33708821792311e-10
4.5443,1.13413681443826,0.893830836812418,1.13413681449366,0.240305977625845,5.53972423489313e-11
4.5492,1.13459992787358,1.04977041118674,1.13459992787701,0.0848295166868396,3.43214345832621e-12
4.5541,1.1350620671341,1.80314032065478,1.13506206715295,0.668078253520679,1.8855139671814e-11
4.559,1.1355232352692,-1.66888406233082,1.13552323535375,2.80440729760002,8.45445935482303e-11
4.5639,1.13598343531564,-0.0972077157644081,1.13598343547447,1.23319115108005,1.5882783976906e-10
4.5688,1.13644267029761,0.132347368606247,1.13644267050988,1.00409530169136,2.12270867550046e-10
4.5737,1.13690094322678,0.215024346603283,1.13690094345472,0.921876596623493,2.27940555319606e-10
4.5786,1.1373582571024,0.250819300142101,1.13735825730374,0.886538956960296,2.01340943917216e-10
4.5835,1.13781461491134,0.254463349002119,1.1378146150517,0.883351265909225,1.40351952282458e-10
4.5884,1.13827001962818,0.215764758101074,1.13827001969334,0.922505261527102,6.51614318059046e-11
4.5933,1.13872447421521,-0.313823866029091,1.13872447422342,1.4525483402443,8.20632450881931e-12
4.5982,1.13917798162258,0.563768752397716,1.13917798163328,0.57540922922486,1.07036601804111e-11
4.6031,1.13963054478828,0.455082252006753,1.13963054485648,0.684548292781525,6.81972256444396e-11
4.608,1.14008216663827,0.428189261473762,1.14008216677827,0.711892905164504,1.40003564297331e-10
4.6129,1.14053285008648,0.417175705759079,1.14053285028244,0.723357144327404,1.95955029980155e-10
4.6178,1.14098259803494,0.411270335036535,1.14098259825276,0.729712262998405,2.17822648806987e-10
4.6227,1.14143141337377,0.408319687599621,1.14143141357302,0.733111725774145,1.99255278943156e-10
4.6276,1.14187929898128,0.407578322095072,1.141879299127,0.734300976886205,1.45718104249681e-10
4.6325,1.14232625772403,0.409831353805028,1.14232625779846,0.732494903919,7.44349026859936e-11
4.6374,1.14277229245688,0.421262896633159,1.1427722924712,0.72150939582372,1.43256517759482e-11
4.6423,1.14321740602305,0.366464415226866,1.14321740602792,0.776752990796183,4.86610751693206e-12
4.6472,1.14366160125418,0.389968487925917,1.14366160130776,0.753693113328265,5.35793631684101e-11
4.6521,1.14410488097039,0.393489486044399,1.14410488109253,0.750615394925995,1.22136301072828e-10
4.657,1.14454724798035,0.393903720640394,1.1445472481601,0.750643527339953,1.79751324935751e-10
4.6619,1.14498870508129,0.39434404996888,1.14498870528833,0.750644655112409,2.07044381639321e-10
4.6668,1.14542925505913,0.394954149191836,1.14542925525511,0.750475105867293,1.95981675332746e-10
4.6717,1.14586890068848,0.394695649203061,1.1458689008383,0.75117325148542,1.49821488548696e-10
4.6766,1.14630764473272,0.394818635777065,1.14630764481578,0.75148900895566,8.30533419815538e-11
4.6815,1.14674548994407,0.394609432809652,1.14674548996541,0.752136057134415,2.13455919606531e-11
4.6864,1.14718243906359,0.4000512941408,1.1471824390649,0.74713114492279,1.30606636616903e-12
4.6913,1.14761849482131,0.396658021751991,1.14761849486203,0.750960473069322,4.07125444468193e-11
4.6962,1.14805365993624,0.395517279116803,1.14805366004155,0.752536380819442,1.05303099573462e-10
4.7011,1.14848793711644,0.396446863226183,1.14848793728022,0.752041073890258,1.63778546280469e-10
4.706,1.14892132905905,0.395791225281185,1.14892132925479,0.753130103777869,1.95739424668773e-10
4.7109,1.1493538384504,0.39575516217028,1.14935383864203,0.753598676280117,1.91631377433055e-10
4.7158,1.14978546796598,0.395905880416562,1.14978546811868,0.753879587549423,1.52690748933537e-10
4.7207,1.1502162202706,0.396470921011844,1.15021622036149,0.753745299258757,9.08924047138271e-11
4.7256,1.15064609801834,0.396049979954596,1.15064609804724,0.754596118063746,2.88939983050795e-11
4.7305,1.15107510385268,0.394024319359024,1.15107510385266,0.757050784493652,1.79856129989275e-14
4.7354,1.15150324040649,0.394977634577112,1.1515032404361,0.756525605829379,2.96120905574071e-11
4.7403,1.15193051030215,0.395134031872932,1.15193051039173,0.75679647842922,8.9574569983597e-11
4.7452,1.15235691615155,0.395345712047779,1.1523569162997,0.757011204103771,1.4815038085203e-10
4.7501,1.15278246055615,0.394560606379127,1.1527824607402,0.758221854177027,1.84042336925927e-10
4.755,1.15320714610707,0.395034395991084,1.15320714629339,0.758172750115983,1.86322735018507e-10
4.7599,1.15363097538507,0.394464365265747,1.15363097553945,0.759166610119322,1.54379842243202e-10
4.7648,1.15405395096068,0.395337098689546,1.15405395105855,0.758716852271133,9.78719327804356e-11
4.7697,1.15447607539419,0.394543516787305,1.15447607543086,0.759932558606888,3.66711105925788e-11
4.7746,1.15489735123575,0.394029438882202,1.15489735123656,0.760867912353545,8.1690210151919e-13
4.7795,1.15531778102536,0.394818519894005,1.15531778104564,0.760499261131354,2.02804439908277e-11
4.7844,1.15573736729298,0.394760137423216,1.15573736736798,0.760977229869763,7.49980078040835e-11
4.7893,1.15615611255854,0.39422252866911,1.1561561126915,0.761933583889434,1.32951427644912e-10
4.7942,1.15657401933202,0.394514209056676,1.15657401950408,0.762059810275346,1.72055703018259e-10
4.7991,1.15699109011346,0.39477408019525,1.15699109029361,0.762217009918212,1.80144565931073e-10
4.804,1.15740732739305,0.394044090165025,1.15740732754797,0.763363237228021,1.54921853123824e-10
4.8089,1.15782273365113,0.394199712096493,1.15782273375505,0.763623021554641,1.03911768079001e-10
4.8138,1.15823731135831,0.394051002531292,1.15823731140272,0.764186308827018,4.441269574329e-11
4.8187,1.15865106297544,0.394084048914133,1.15865106297888,0.764567014061303,3.44679840225126e-12
4.8236,1.1590639909537,0.394736746345556,1.15906399096643,0.76432724460814,1.27304833341668e-11
4.8285,1.15947609773464,0.394464241871233,1.1594760977963,0.76501185586341,6.16573458955827e-11
4.8334,1.15988738575025,0.394187350758615,1.15988738586857,0.765700034991631,1.18327125875339e-10
4.8383,1.16029785742294,0.393705870159122,1.16029785758291,0.766591987263815,1.5996715063693e-10
4.8432,1.16070751516566,0.394406945158766,1.16070751533896,0.766300570006895,1.7329560009216e-10
4.8481,1.16111636138191,0.393869617459598,1.16111636153639,0.767246743922316,1.5447487733411e-10
4.853,1.1615243984658,0.394102000905376,1.16152439857486,0.767422397560422,1.09065423359311e-10
4.8579,1.16193162880206,0.39362978177454,1.16193162885404,0.768301847027519,5.198019792374e-11
4.8628,1.16233805476614,0.394020884584639,1.16233805477358,0.768317170181498,7.43960448801317e-12
4.8677,1.16274367872421,0.393814918434059,1.16274367873113,0.768928760290153,6.91491308657532e-12
4.8726,1.16314850303324,0.39346947596847,1.16314850308272,0.769679027064775,4.94762009140004e-11
4.8775,1.16355253004102,0.393159776717117,1.16355253014519,0.770392753323905,1.04163122571777e-10
4.8824,1.16395576208621,0.392639974713986,1.16395576223382,0.771315787372221,1.47617251755605e-10
4.8873,1.16435820149837,0.393257101828097,1.16435820166394,0.771101099670275,1.65564451037881e-10
4.8922,1.16475985059805,0.393039115741998,1.16475985075083,0.771720734856056,1.52771351125125e-10
4.8971,1.16516071169679,0.392712341764313,1.16516071180979,0.772448369932479,1.13000941937003e-10
4.902,1.16556078709717,0.393291877565966,1.16556078715614,0.772268909531205,5.89697179975701e-11
4.9069,1.16596007909287,0.393278592392321,1.16596007910517,0.772681486700545,1.23052679157354e-11
4.9118,1.16635858996868,0.393221742141196,1.16635858997161,0.773136847827485,2.93187696343011e-12
4.9167,1.1667563220006,0.392477809554301,1.16675632203948,0.774278512446301,3.88735710288302e-11
4.9216,1.16715327745583,0.393422689143852,1.16715327754704,0.773730588311975,9.12159237032029e-11
4.9265,1.16754945859281,0.393687191258249,1.16754945872888,0.773862267334565,1.36064715050566e-10
4.9314,1.16794486766132,0.392566531315482,1.16794486781955,0.775378336345841,1.58225876845108e-10
4.9363,1.16833950690246,0.392828536922335,1.16833950705362,0.775510969980122,1.51161305694814e-10
4.9412,1.1687333785487,0.392672462535227,1.16873337866565,0.776060916013476,1.16949117057175e-10
4.9461,1.16912648482397,0.393008644362672,1.16912648489022,0.776117840461302,6.62425669872846e-11
4.951,1.16951882794365,0.392438036619483,1.16951882796188,0.777080791324164,1.82276416182958e-11
4.9559,1.16991041011461,0.392849954182329,1.16991041011513,0.777060455932282,5.15809617240848e-13
4.9608,1.1703012335353,0.392901077476937,1.17030123356392,0.777400156058358,2.86235479762809e-11
4.9657,1.17069130039572,0.392478099646721,1.17069130047291,0.778213200749001,7.71895880546936e-11
4.9706,1.17108061287754,0.392478398862539,1.17108061299953,0.778602214015002,1.21988419365948e-10
4.9755,1.17146917315407,0.392646451015284,1.17146917330119,0.778822722138782,1.47128087490955e-10
4.9804,1.17185698339032,0.391557910112133,1.17185698353533,0.780299073278187,1.45008005603131e-10
4.9853,1.17224404574307,0.391592776327217,1.17224404585935,0.780651269415855,1.1628253915319e-10
4.9902,1.17263036236088,0.392165550850548,1.1726303624307,0.780464811510328,6.98199276172318e-11
4.9951,1.17301593538411,0.392269227504281,1.17301593540678,0.780746707879829,2.26652030477226e-11
5,1.17340076694502,1.17340076694502,1.17340076694502,0,0
